,ID,Artista_original,Artista_similar,Coincidencia
0,0lAWpj5szCSwM4rUMHYmrr,Ke Personajes,La T y la M,1
1,0lAWpj5szCSwM4rUMHYmrr,Ke Personajes,Damas Gratis,0.575148
2,0lAWpj5szCSwM4rUMHYmrr,Ke Personajes,Ráfaga,0.574782
3,0lAWpj5szCSwM4rUMHYmrr,Ke Personajes,Los Palmeras,0.492206
4,0lAWpj5szCSwM4rUMHYmrr,Ke Personajes,Mario Luis,0.474186
5,0lAWpj5szCSwM4rUMHYmrr,Ke Personajes,Jambao,0.472638
6,0lAWpj5szCSwM4rUMHYmrr,Ke Personajes,Leo Mattioli,0.468605
7,0lAWpj5szCSwM4rUMHYmrr,Ke Personajes,Nestor En Bloque,0.463904
8,0lAWpj5szCSwM4rUMHYmrr,Ke Personajes,Big One,0.462175
9,0lAWpj5szCSwM4rUMHYmrr,Ke Personajes,Agrupación Marilyn,0.392237
10,0lAWpj5szCSwM4rUMHYmrr,Ke Personajes,La Delio Valdez,0.387202
11,0lAWpj5szCSwM4rUMHYmrr,Ke Personajes,Yerba Brava,0.381038
12,0lAWpj5szCSwM4rUMHYmrr,Ke Personajes,Los Del Fuego,0.372760
13,0lAWpj5szCSwM4rUMHYmrr,Ke Personajes,Repiola,0.348948
14,0lAWpj5szCSwM4rUMHYmrr,Ke Personajes,Alan Gomez,0.347666
15,0lAWpj5szCSwM4rUMHYmrr,Ke Personajes,Maria Becerra,0.337226
16,0lAWpj5szCSwM4rUMHYmrr,Ke Personajes,Grupo Red,0.319123
17,0lAWpj5szCSwM4rUMHYmrr,Ke Personajes,La Champions Liga,0.315513
18,0lAWpj5szCSwM4rUMHYmrr,Ke Personajes,MANO ARRIBA,0.299549
19,0lAWpj5szCSwM4rUMHYmrr,Ke Personajes,Gilda,0.291154
20,0lAWpj5szCSwM4rUMHYmrr,Ke Personajes,Ecko,0.289494
21,0lAWpj5szCSwM4rUMHYmrr,Ke Personajes,La Base,0.266886
22,0lAWpj5szCSwM4rUMHYmrr,Ke Personajes,Tiago PZK,0.257000
23,0lAWpj5szCSwM4rUMHYmrr,Ke Personajes,Callejero Fino,0.256431
24,0lAWpj5szCSwM4rUMHYmrr,Ke Personajes,EL DIPY,0.250787
25,0lAWpj5szCSwM4rUMHYmrr,Ke Personajes,Los Ángeles Azules,0.243515
26,0lAWpj5szCSwM4rUMHYmrr,Ke Personajes,La Cumbia,0.239845
27,0lAWpj5szCSwM4rUMHYmrr,Ke Personajes,Jere Klein,0.228570
28,0lAWpj5szCSwM4rUMHYmrr,Ke Personajes,Grupo Sombras,0.222720
29,0lAWpj5szCSwM4rUMHYmrr,Ke Personajes,NENE MALO,0.222707
30,0lAWpj5szCSwM4rUMHYmrr,Ke Personajes,De la calle,0.221785
31,0lAWpj5szCSwM4rUMHYmrr,Ke Personajes,Los Angeles De Charly,0.218978
32,0lAWpj5szCSwM4rUMHYmrr,Ke Personajes,La Joaqui,0.209144
33,0lAWpj5szCSwM4rUMHYmrr,Ke Personajes,Los Pibes Chorros,0.207863
34,0lAWpj5szCSwM4rUMHYmrr,Ke Personajes,Los Nota LoKoS,0.199897
35,0lAWpj5szCSwM4rUMHYmrr,Ke Personajes,Quevedo,0.199382
36,0lAWpj5szCSwM4rUMHYmrr,Ke Personajes,La Beriso,0.196545
37,0lAWpj5szCSwM4rUMHYmrr,Ke Personajes,Rusherking,0.174185
38,0lAWpj5szCSwM4rUMHYmrr,Ke Personajes,FMK,0.170904
39,0lAWpj5szCSwM4rUMHYmrr,Ke Personajes,Mala Fama,0.168942
40,0lAWpj5szCSwM4rUMHYmrr,Ke Personajes,El Apache Ness,0.163523
41,0lAWpj5szCSwM4rUMHYmrr,Ke Personajes,Khea,0.163458
42,0lAWpj5szCSwM4rUMHYmrr,Ke Personajes,Tony Dize,0.147824
43,0lAWpj5szCSwM4rUMHYmrr,Ke Personajes,El Jordan 23,0.131913
44,0lAWpj5szCSwM4rUMHYmrr,Ke Personajes,Daddy Yankee,0.131263
45,0lAWpj5szCSwM4rUMHYmrr,Ke Personajes,Piso 21,0.129667
46,0lAWpj5szCSwM4rUMHYmrr,Ke Personajes,Cosculluela,0.128612
47,0lAWpj5szCSwM4rUMHYmrr,Ke Personajes,Wisin & Yandel,0.127372
48,0lAWpj5szCSwM4rUMHYmrr,Ke Personajes,Antonio Rios,0.127311
49,0lAWpj5szCSwM4rUMHYmrr,Ke Personajes,J Alvarez,0.122453
50,0lAWpj5szCSwM4rUMHYmrr,Ke Personajes,Myke Towers,0.115087
51,0lAWpj5szCSwM4rUMHYmrr,Ke Personajes,LiL CaKe,0.113310
52,0lAWpj5szCSwM4rUMHYmrr,Ke Personajes,FloyyMenor,0.112659
53,0lAWpj5szCSwM4rUMHYmrr,Ke Personajes,Nicky Jam,0.110774
54,0lAWpj5szCSwM4rUMHYmrr,Ke Personajes,Dalex,0.109383
55,0lAWpj5szCSwM4rUMHYmrr,Ke Personajes,Angel Y Khriz,0.108385
56,0lAWpj5szCSwM4rUMHYmrr,Ke Personajes,La Noche,0.106885
57,0lAWpj5szCSwM4rUMHYmrr,Ke Personajes,Standly,0.105460
58,0lAWpj5szCSwM4rUMHYmrr,Ke Personajes,"Tito ""El Bambino""",0.101157
59,0lAWpj5szCSwM4rUMHYmrr,Ke Personajes,Conociendo Rusia,0.100252
60,0lAWpj5szCSwM4rUMHYmrr,Ke Personajes,Anuel AA,0.099900
61,0lAWpj5szCSwM4rUMHYmrr,Ke Personajes,Mc Caco,0.098415
62,0lAWpj5szCSwM4rUMHYmrr,Ke Personajes,Wisin,0.097107
63,0lAWpj5szCSwM4rUMHYmrr,Ke Personajes,Manuel Turizo,0.096437
64,0lAWpj5szCSwM4rUMHYmrr,Ke Personajes,Grupo Uno,0.095812
65,0lAWpj5szCSwM4rUMHYmrr,Ke Personajes,Don Omar,0.095717
66,0lAWpj5szCSwM4rUMHYmrr,Ke Personajes,Los Angeles Azules,0.095266
67,0lAWpj5szCSwM4rUMHYmrr,Ke Personajes,La Repandilla,0.093716
68,0lAWpj5szCSwM4rUMHYmrr,Ke Personajes,Yandel,0.090255
69,0lAWpj5szCSwM4rUMHYmrr,Ke Personajes,La Factoria,0.089647
70,0lAWpj5szCSwM4rUMHYmrr,Ke Personajes,R.K.M & Ken-Y,0.087189
71,0lAWpj5szCSwM4rUMHYmrr,Ke Personajes,Él mató a un policía motorizado,0.087032
72,0lAWpj5szCSwM4rUMHYmrr,Ke Personajes,Brytiago,0.086257
73,0lAWpj5szCSwM4rUMHYmrr,Ke Personajes,Árbol,0.086074
74,0lAWpj5szCSwM4rUMHYmrr,Ke Personajes,Villa Cariño,0.085182
75,0lAWpj5szCSwM4rUMHYmrr,Ke Personajes,Makano,0.085009
76,0lAWpj5szCSwM4rUMHYmrr,Ke Personajes,"Bad Bunny, Feid",0.083124
77,0lAWpj5szCSwM4rUMHYmrr,Ke Personajes,Zion,0.081485
78,0lAWpj5szCSwM4rUMHYmrr,Ke Personajes,Sech,0.080719
79,0lAWpj5szCSwM4rUMHYmrr,Ke Personajes,18 Kilates,0.080167
80,0lAWpj5szCSwM4rUMHYmrr,Ke Personajes,Feid,0.079282
81,0lAWpj5szCSwM4rUMHYmrr,Ke Personajes,Louta,0.078092
82,0lAWpj5szCSwM4rUMHYmrr,Ke Personajes,Hernan y La Champion's Liga,0.075834
83,0lAWpj5szCSwM4rUMHYmrr,Ke Personajes,Chino & Nacho,0.075213
84,0lAWpj5szCSwM4rUMHYmrr,Ke Personajes,Arcangel,0.074918
85,0lAWpj5szCSwM4rUMHYmrr,Ke Personajes,Paco Amoroso,0.072826
86,0lAWpj5szCSwM4rUMHYmrr,Ke Personajes,Ozuna,0.072492
87,0lAWpj5szCSwM4rUMHYmrr,Ke Personajes,Los Wachiturros,0.071362
88,0lAWpj5szCSwM4rUMHYmrr,Ke Personajes,Justin Quiles,0.070784
89,0lAWpj5szCSwM4rUMHYmrr,Ke Personajes,Indio Solari,0.069589
90,0lAWpj5szCSwM4rUMHYmrr,Ke Personajes,Seven Kayne,0.069197
91,0lAWpj5szCSwM4rUMHYmrr,Ke Personajes,Ñengo Flow,0.069105
92,0lAWpj5szCSwM4rUMHYmrr,Ke Personajes,tINI,0.068212
93,0lAWpj5szCSwM4rUMHYmrr,Ke Personajes,Skay Beilinson,0.067723
94,0lAWpj5szCSwM4rUMHYmrr,Ke Personajes,Yng Lvcas,0.067638
95,0lAWpj5szCSwM4rUMHYmrr,Ke Personajes,Ivy Queen,0.066878
96,0lAWpj5szCSwM4rUMHYmrr,Ke Personajes,Alexis y Fido,0.066527
97,0lAWpj5szCSwM4rUMHYmrr,Ke Personajes,Jowell & Randy,0.066210
98,0lAWpj5szCSwM4rUMHYmrr,Ke Personajes,J Balvin,0.064840
99,0lAWpj5szCSwM4rUMHYmrr,Ke Personajes,Farruko,0.064386
100,0lAWpj5szCSwM4rUMHYmrr,Ariana Grande,"Jessie J, Ariana Grande & Nicki Minaj",1
101,0lAWpj5szCSwM4rUMHYmrr,Ariana Grande,Sabrina Carpenter,0.872745
102,0lAWpj5szCSwM4rUMHYmrr,Ariana Grande,Madison Beer,0.727230
103,0lAWpj5szCSwM4rUMHYmrr,Ariana Grande,SZA,0.714550
104,0lAWpj5szCSwM4rUMHYmrr,Ariana Grande,Cynthia Erivo,0.703908
105,0lAWpj5szCSwM4rUMHYmrr,Ariana Grande,Doja Cat,0.661991
106,0lAWpj5szCSwM4rUMHYmrr,Ariana Grande,The Weeknd & Ariana Grande,0.599984
107,0lAWpj5szCSwM4rUMHYmrr,Ariana Grande,Tate McRae,0.567004
108,0lAWpj5szCSwM4rUMHYmrr,Ariana Grande,Beyoncé,0.550474
109,0lAWpj5szCSwM4rUMHYmrr,Ariana Grande,Tyla,0.516037
110,0lAWpj5szCSwM4rUMHYmrr,Ariana Grande,FLO,0.482232
111,0lAWpj5szCSwM4rUMHYmrr,Ariana Grande,Olivia Rodrigo,0.464286
112,0lAWpj5szCSwM4rUMHYmrr,Ariana Grande,Dua Lipa,0.458248
113,0lAWpj5szCSwM4rUMHYmrr,Ariana Grande,Rihanna,0.453793
114,0lAWpj5szCSwM4rUMHYmrr,Ariana Grande,Victoria Monét,0.452582
115,0lAWpj5szCSwM4rUMHYmrr,Ariana Grande,Brandy & Monica,0.451661
116,0lAWpj5szCSwM4rUMHYmrr,Ariana Grande,Camila Cabello,0.445703
117,0lAWpj5szCSwM4rUMHYmrr,Ariana Grande,Mariah Carey,0.445050
118,0lAWpj5szCSwM4rUMHYmrr,Ariana Grande,Summer Walker,0.403365
119,0lAWpj5szCSwM4rUMHYmrr,Ariana Grande,Normani,0.388584
120,0lAWpj5szCSwM4rUMHYmrr,Ariana Grande,Nicki Minaj,0.387794
121,0lAWpj5szCSwM4rUMHYmrr,Ariana Grande,Addison Rae,0.373046
122,0lAWpj5szCSwM4rUMHYmrr,Ariana Grande,Lady Gaga & Ariana Grande,0.362490
123,0lAWpj5szCSwM4rUMHYmrr,Ariana Grande,Billie Eilish,0.360185
124,0lAWpj5szCSwM4rUMHYmrr,Ariana Grande,Ariana Grande & Nathan Sykes,0.360060
125,0lAWpj5szCSwM4rUMHYmrr,Ariana Grande,Chloe x Halle,0.346484
126,0lAWpj5szCSwM4rUMHYmrr,Ariana Grande,Destiny's Child,0.342637
127,0lAWpj5szCSwM4rUMHYmrr,Ariana Grande,Chlöe,0.342256
128,0lAWpj5szCSwM4rUMHYmrr,Ariana Grande,Fifth Harmony,0.340367
129,0lAWpj5szCSwM4rUMHYmrr,Ariana Grande,Anitta,0.329293
130,0lAWpj5szCSwM4rUMHYmrr,Ariana Grande,Raye,0.319794
131,0lAWpj5szCSwM4rUMHYmrr,Ariana Grande,Tinashe,0.318578
132,0lAWpj5szCSwM4rUMHYmrr,Ariana Grande,Halle,0.317921
133,0lAWpj5szCSwM4rUMHYmrr,Ariana Grande,Justin Bieber,0.311517
134,0lAWpj5szCSwM4rUMHYmrr,Ariana Grande,Kehlani,0.306994
135,0lAWpj5szCSwM4rUMHYmrr,Ariana Grande,Luísa Sonza,0.304131
136,0lAWpj5szCSwM4rUMHYmrr,Ariana Grande,Selena Gomez,0.300217
137,0lAWpj5szCSwM4rUMHYmrr,Ariana Grande,Nathan Sykes,0.291750
138,0lAWpj5szCSwM4rUMHYmrr,Ariana Grande,Kali Uchis,0.290729
139,0lAWpj5szCSwM4rUMHYmrr,Ariana Grande,Melanie Martinez,0.289358
140,0lAWpj5szCSwM4rUMHYmrr,Ariana Grande,Jhené Aiko,0.286668
141,0lAWpj5szCSwM4rUMHYmrr,Ariana Grande,Little Mix,0.282131
142,0lAWpj5szCSwM4rUMHYmrr,Ariana Grande,Tori Kelly,0.281868
143,0lAWpj5szCSwM4rUMHYmrr,Ariana Grande,Cassie,0.279231
144,0lAWpj5szCSwM4rUMHYmrr,Ariana Grande,Taylor Swift,0.279041
145,0lAWpj5szCSwM4rUMHYmrr,Ariana Grande,Zendaya,0.279029
146,0lAWpj5szCSwM4rUMHYmrr,Ariana Grande,Whitney Houston,0.277804
147,0lAWpj5szCSwM4rUMHYmrr,Ariana Grande,JoJo,0.277688
148,0lAWpj5szCSwM4rUMHYmrr,Ariana Grande,Zara Larsson,0.277443
149,0lAWpj5szCSwM4rUMHYmrr,Ariana Grande,Coco Jones,0.274467
150,0lAWpj5szCSwM4rUMHYmrr,Ariana Grande,Katy Perry,0.267010
151,0lAWpj5szCSwM4rUMHYmrr,Ariana Grande,Lana Del Rey,0.264649
152,0lAWpj5szCSwM4rUMHYmrr,Ariana Grande,Victoria Justice,0.263249
153,0lAWpj5szCSwM4rUMHYmrr,Ariana Grande,Dove Cameron,0.261865
154,0lAWpj5szCSwM4rUMHYmrr,Ariana Grande,Miley Cyrus,0.258598
155,0lAWpj5szCSwM4rUMHYmrr,Ariana Grande,Who Is Fancy,0.255488
156,0lAWpj5szCSwM4rUMHYmrr,Ariana Grande,Ava Max,0.255232
157,0lAWpj5szCSwM4rUMHYmrr,Ariana Grande,Fergie,0.251233
158,0lAWpj5szCSwM4rUMHYmrr,Ariana Grande,Demi Lovato,0.251181
159,0lAWpj5szCSwM4rUMHYmrr,Ariana Grande,The Pussycat Dolls,0.246787
160,0lAWpj5szCSwM4rUMHYmrr,Ariana Grande,Lady Gaga,0.246035
161,0lAWpj5szCSwM4rUMHYmrr,Ariana Grande,Brandy,0.242695
162,0lAWpj5szCSwM4rUMHYmrr,Ariana Grande,Bruno Mars,0.237967
163,0lAWpj5szCSwM4rUMHYmrr,Ariana Grande,pinkpantheress,0.237768
164,0lAWpj5szCSwM4rUMHYmrr,Ariana Grande,Britney Spears,0.232307
165,0lAWpj5szCSwM4rUMHYmrr,Ariana Grande,Charli XCX,0.230777
166,0lAWpj5szCSwM4rUMHYmrr,Ariana Grande,Kim Petras,0.224607
167,0lAWpj5szCSwM4rUMHYmrr,Ariana Grande,Lauren Jauregui,0.223481
168,0lAWpj5szCSwM4rUMHYmrr,Ariana Grande,Ciara,0.222948
169,0lAWpj5szCSwM4rUMHYmrr,Ariana Grande,Jade,0.222925
170,0lAWpj5szCSwM4rUMHYmrr,Ariana Grande,Alina Baraz,0.218996
171,0lAWpj5szCSwM4rUMHYmrr,Ariana Grande,Meghan Trainor,0.217211
172,0lAWpj5szCSwM4rUMHYmrr,Ariana Grande,Becky G,0.216483
173,0lAWpj5szCSwM4rUMHYmrr,Ariana Grande,Christina Aguilera,0.215680
174,0lAWpj5szCSwM4rUMHYmrr,Ariana Grande,Doja Cat & The Weeknd,0.214814
175,0lAWpj5szCSwM4rUMHYmrr,Ariana Grande,Gracie Abrams,0.209513
176,0lAWpj5szCSwM4rUMHYmrr,Ariana Grande,Lizzo,0.207853
177,0lAWpj5szCSwM4rUMHYmrr,Ariana Grande,Danna Paola,0.207387
178,0lAWpj5szCSwM4rUMHYmrr,Ariana Grande,The Weeknd,0.206764
179,0lAWpj5szCSwM4rUMHYmrr,Ariana Grande,Nessa Barrett,0.205877
180,0lAWpj5szCSwM4rUMHYmrr,Ariana Grande,Adele,0.205421
181,0lAWpj5szCSwM4rUMHYmrr,Ariana Grande,Aaliyah,0.202618
182,0lAWpj5szCSwM4rUMHYmrr,Ariana Grande,Jordin Sparks,0.201787
183,0lAWpj5szCSwM4rUMHYmrr,Ariana Grande,Mabel,0.200152
184,0lAWpj5szCSwM4rUMHYmrr,Ariana Grande,Rina Sawayama,0.199115
185,0lAWpj5szCSwM4rUMHYmrr,Ariana Grande,Pia Mia,0.197491
186,0lAWpj5szCSwM4rUMHYmrr,Ariana Grande,Selena Gomez & the Scene,0.195524
187,0lAWpj5szCSwM4rUMHYmrr,Ariana Grande,Hailee Steinfeld,0.193546
188,0lAWpj5szCSwM4rUMHYmrr,Ariana Grande,Reneé Rapp,0.192070
189,0lAWpj5szCSwM4rUMHYmrr,Ariana Grande,Jennifer Lopez,0.191677
190,0lAWpj5szCSwM4rUMHYmrr,Ariana Grande,Zayn,0.190938
191,0lAWpj5szCSwM4rUMHYmrr,Ariana Grande,Muni Long,0.189986
192,0lAWpj5szCSwM4rUMHYmrr,Ariana Grande,Shawn Mendes,0.185832
193,0lAWpj5szCSwM4rUMHYmrr,Ariana Grande,Jessie J,0.185602
194,0lAWpj5szCSwM4rUMHYmrr,Ariana Grande,Halsey,0.184416
195,0lAWpj5szCSwM4rUMHYmrr,Ariana Grande,Keke Palmer,0.184158
196,0lAWpj5szCSwM4rUMHYmrr,Ariana Grande,Rosalía,0.183496
197,0lAWpj5szCSwM4rUMHYmrr,Ariana Grande,Doechii,0.183426
198,0lAWpj5szCSwM4rUMHYmrr,Ariana Grande,Teyana Taylor,0.179443
199,0lAWpj5szCSwM4rUMHYmrr,Ariana Grande,The Carters,0.177177
200,0lAWpj5szCSwM4rUMHYmrr,Linkin Park,Mike Shinoda,1
201,0lAWpj5szCSwM4rUMHYmrr,Linkin Park,Dead By Sunrise,0.931700
202,0lAWpj5szCSwM4rUMHYmrr,Linkin Park,Jay-Z and Linkin Park,0.763653
203,0lAWpj5szCSwM4rUMHYmrr,Linkin Park,Dead Sara,0.507574
204,0lAWpj5szCSwM4rUMHYmrr,Linkin Park,Grey Daze,0.463318
205,0lAWpj5szCSwM4rUMHYmrr,Linkin Park,Papa Roach,0.404072
206,0lAWpj5szCSwM4rUMHYmrr,Linkin Park,Three Days Grace,0.363986
207,0lAWpj5szCSwM4rUMHYmrr,Linkin Park,Slipknot,0.354058
208,0lAWpj5szCSwM4rUMHYmrr,Linkin Park,Chester Bennington,0.321117
209,0lAWpj5szCSwM4rUMHYmrr,Linkin Park,Limp Bizkit,0.296613
210,0lAWpj5szCSwM4rUMHYmrr,Linkin Park,Korn,0.287737
211,0lAWpj5szCSwM4rUMHYmrr,Linkin Park,Breaking Benjamin,0.273986
212,0lAWpj5szCSwM4rUMHYmrr,Linkin Park,System of a Down,0.251996
213,0lAWpj5szCSwM4rUMHYmrr,Linkin Park,P.O.D.,0.228095
214,0lAWpj5szCSwM4rUMHYmrr,Linkin Park,Staind,0.226328
215,0lAWpj5szCSwM4rUMHYmrr,Linkin Park,Disturbed,0.214814
216,0lAWpj5szCSwM4rUMHYmrr,Linkin Park,Deftones,0.206298
217,0lAWpj5szCSwM4rUMHYmrr,Linkin Park,Skillet,0.199382
218,0lAWpj5szCSwM4rUMHYmrr,Linkin Park,Evanescence,0.198294
219,0lAWpj5szCSwM4rUMHYmrr,Linkin Park,Adema,0.193546
220,0lAWpj5szCSwM4rUMHYmrr,Linkin Park,Thousand Foot Krutch,0.190981
221,0lAWpj5szCSwM4rUMHYmrr,Linkin Park,Saliva,0.183248
222,0lAWpj5szCSwM4rUMHYmrr,Linkin Park,30 Seconds to Mars,0.182795
223,0lAWpj5szCSwM4rUMHYmrr,Linkin Park,Rage Against the Machine,0.179061
224,0lAWpj5szCSwM4rUMHYmrr,Linkin Park,Poppy,0.178698
225,0lAWpj5szCSwM4rUMHYmrr,Linkin Park,Seether,0.177776
226,0lAWpj5szCSwM4rUMHYmrr,Linkin Park,TRUSTcompany,0.174336
227,0lAWpj5szCSwM4rUMHYmrr,Linkin Park,Drowning Pool,0.172178
228,0lAWpj5szCSwM4rUMHYmrr,Linkin Park,Hoobastank,0.171440
229,0lAWpj5szCSwM4rUMHYmrr,Linkin Park,Twenty One Pilots,0.169737
230,0lAWpj5szCSwM4rUMHYmrr,Linkin Park,Mudvayne,0.166743
231,0lAWpj5szCSwM4rUMHYmrr,Linkin Park,Crazy Town,0.163361
232,0lAWpj5szCSwM4rUMHYmrr,Linkin Park,Stone Sour,0.163306
233,0lAWpj5szCSwM4rUMHYmrr,Linkin Park,Shinedown,0.161079
234,0lAWpj5szCSwM4rUMHYmrr,Linkin Park,Godsmack,0.157030
235,0lAWpj5szCSwM4rUMHYmrr,Linkin Park,Trapt,0.152975
236,0lAWpj5szCSwM4rUMHYmrr,Linkin Park,Taproot,0.152906
237,0lAWpj5szCSwM4rUMHYmrr,Linkin Park,Sick Puppies,0.145784
238,0lAWpj5szCSwM4rUMHYmrr,Linkin Park,The Offspring,0.145203
239,0lAWpj5szCSwM4rUMHYmrr,Linkin Park,Audioslave,0.144357
240,0lAWpj5szCSwM4rUMHYmrr,Linkin Park,Crossfade,0.143372
241,0lAWpj5szCSwM4rUMHYmrr,Linkin Park,Green Day,0.141469
242,0lAWpj5szCSwM4rUMHYmrr,Linkin Park,Starset,0.141051
243,0lAWpj5szCSwM4rUMHYmrr,Linkin Park,Paramore,0.139198
244,0lAWpj5szCSwM4rUMHYmrr,Linkin Park,Corey Taylor,0.138351
245,0lAWpj5szCSwM4rUMHYmrr,Linkin Park,Muse,0.135967
246,0lAWpj5szCSwM4rUMHYmrr,Linkin Park,Nickelback,0.135610
247,0lAWpj5szCSwM4rUMHYmrr,Linkin Park,3 Doors Down,0.133889
248,0lAWpj5szCSwM4rUMHYmrr,Linkin Park,Xero,0.133137
249,0lAWpj5szCSwM4rUMHYmrr,Linkin Park,Story of the Year,0.133020
250,0lAWpj5szCSwM4rUMHYmrr,Linkin Park,Ill Niño,0.131812
251,0lAWpj5szCSwM4rUMHYmrr,Linkin Park,Lostprophets,0.130978
252,0lAWpj5szCSwM4rUMHYmrr,Linkin Park,Nothing More,0.130447
253,0lAWpj5szCSwM4rUMHYmrr,Linkin Park,Red,0.127245
254,0lAWpj5szCSwM4rUMHYmrr,Linkin Park,Red Hot Chili Peppers,0.124359
255,0lAWpj5szCSwM4rUMHYmrr,Linkin Park,Serj Tankian,0.124323
256,0lAWpj5szCSwM4rUMHYmrr,Linkin Park,Nonpoint,0.123673
257,0lAWpj5szCSwM4rUMHYmrr,Linkin Park,Good Charlotte,0.123068
258,0lAWpj5szCSwM4rUMHYmrr,Linkin Park,Jonathan Davis,0.122960
259,0lAWpj5szCSwM4rUMHYmrr,Linkin Park,Fever 333,0.120208
260,0lAWpj5szCSwM4rUMHYmrr,Linkin Park,From Ashes to New,0.120029
261,0lAWpj5szCSwM4rUMHYmrr,Linkin Park,Billy Talent,0.118397
262,0lAWpj5szCSwM4rUMHYmrr,Linkin Park,Yellowcard,0.117198
263,0lAWpj5szCSwM4rUMHYmrr,Linkin Park,Imagine Dragons,0.115811
264,0lAWpj5szCSwM4rUMHYmrr,Linkin Park,Flaw,0.115174
265,0lAWpj5szCSwM4rUMHYmrr,Linkin Park,Static-X,0.115026
266,0lAWpj5szCSwM4rUMHYmrr,Linkin Park,Foo Fighters,0.113802
267,0lAWpj5szCSwM4rUMHYmrr,Linkin Park,Element Eighty,0.113640
268,0lAWpj5szCSwM4rUMHYmrr,Linkin Park,A Perfect Circle,0.112991
269,0lAWpj5szCSwM4rUMHYmrr,Linkin Park,Chevelle,0.112929
270,0lAWpj5szCSwM4rUMHYmrr,Linkin Park,Alter Bridge,0.112292
271,0lAWpj5szCSwM4rUMHYmrr,Linkin Park,Finger Eleven,0.110858
272,0lAWpj5szCSwM4rUMHYmrr,Linkin Park,Saint Asonia,0.109964
273,0lAWpj5szCSwM4rUMHYmrr,Linkin Park,Coldplay,0.108429
274,0lAWpj5szCSwM4rUMHYmrr,Linkin Park,Creed,0.108249
275,0lAWpj5szCSwM4rUMHYmrr,Linkin Park,The Rasmus,0.108010
276,0lAWpj5szCSwM4rUMHYmrr,Linkin Park,Cold,0.107071
277,0lAWpj5szCSwM4rUMHYmrr,Linkin Park,Incubus,0.106648
278,0lAWpj5szCSwM4rUMHYmrr,Linkin Park,12 Stones,0.106637
279,0lAWpj5szCSwM4rUMHYmrr,Linkin Park,Guano Apes,0.105509
280,0lAWpj5szCSwM4rUMHYmrr,Linkin Park,Alice in Chains,0.104942
281,0lAWpj5szCSwM4rUMHYmrr,Linkin Park,Sevendust,0.103977
282,0lAWpj5szCSwM4rUMHYmrr,Linkin Park,10 Years,0.103558
283,0lAWpj5szCSwM4rUMHYmrr,Linkin Park,The Calling,0.103181
284,0lAWpj5szCSwM4rUMHYmrr,Linkin Park,Puddle of Mudd,0.102391
285,0lAWpj5szCSwM4rUMHYmrr,Linkin Park,Daughtry,0.102158
286,0lAWpj5szCSwM4rUMHYmrr,Linkin Park,Alien Ant Farm,0.100935
287,0lAWpj5szCSwM4rUMHYmrr,Linkin Park,My Chemical Romance,0.100467
288,0lAWpj5szCSwM4rUMHYmrr,Linkin Park,Flyleaf,0.099925
289,0lAWpj5szCSwM4rUMHYmrr,Linkin Park,Coal Chamber,0.099013
290,0lAWpj5szCSwM4rUMHYmrr,Linkin Park,OneRepublic,0.096752
291,0lAWpj5szCSwM4rUMHYmrr,Linkin Park,Soil,0.095818
292,0lAWpj5szCSwM4rUMHYmrr,Linkin Park,Halestorm,0.095548
293,0lAWpj5szCSwM4rUMHYmrr,Linkin Park,Nirvana,0.094559
294,0lAWpj5szCSwM4rUMHYmrr,Linkin Park,Daron Malakian and Scars On Broadway,0.094124
295,0lAWpj5szCSwM4rUMHYmrr,Linkin Park,The Pretty Reckless,0.093722
296,0lAWpj5szCSwM4rUMHYmrr,Linkin Park,Chad Kroeger,0.093714
297,0lAWpj5szCSwM4rUMHYmrr,Linkin Park,Snot,0.092383
298,0lAWpj5szCSwM4rUMHYmrr,Linkin Park,Marilyn Manson,0.091632
299,0lAWpj5szCSwM4rUMHYmrr,Linkin Park,Dope,0.090504
300,0lAWpj5szCSwM4rUMHYmrr,Amelie lens,Charlotte de Witte,1
301,0lAWpj5szCSwM4rUMHYmrr,Amelie lens,Farrago,0.794059
302,0lAWpj5szCSwM4rUMHYmrr,Amelie lens,AIROD,0.720951
303,0lAWpj5szCSwM4rUMHYmrr,Amelie lens,Deborah De Luca,0.673898
304,0lAWpj5szCSwM4rUMHYmrr,Amelie lens,Space 92,0.652972
305,0lAWpj5szCSwM4rUMHYmrr,Amelie lens,Lilly Palmer,0.649329
306,0lAWpj5szCSwM4rUMHYmrr,Amelie lens,Joyhauser,0.644381
307,0lAWpj5szCSwM4rUMHYmrr,Amelie lens,Enrico Sangiuliano,0.490741
308,0lAWpj5szCSwM4rUMHYmrr,Amelie lens,Adam Beyer,0.480228
309,0lAWpj5szCSwM4rUMHYmrr,Amelie lens,Layton Giordani,0.465500
310,0lAWpj5szCSwM4rUMHYmrr,Amelie lens,Thomas Schumacher,0.446112
311,0lAWpj5szCSwM4rUMHYmrr,Amelie lens,Under Black Helmet,0.400205
312,0lAWpj5szCSwM4rUMHYmrr,Amelie lens,Sam Paganini,0.391443
313,0lAWpj5szCSwM4rUMHYmrr,Amelie lens,UMEK,0.388943
314,0lAWpj5szCSwM4rUMHYmrr,Amelie lens,Eli Brown,0.387700
315,0lAWpj5szCSwM4rUMHYmrr,Amelie lens,Alignment,0.385042
316,0lAWpj5szCSwM4rUMHYmrr,Amelie lens,Reinier Zonneveld,0.378779
317,0lAWpj5szCSwM4rUMHYmrr,Amelie lens,Teenage Mutants,0.360246
318,0lAWpj5szCSwM4rUMHYmrr,Amelie lens,Marie Vaunt,0.354049
319,0lAWpj5szCSwM4rUMHYmrr,Amelie lens,Regal,0.341154
320,0lAWpj5szCSwM4rUMHYmrr,Amelie lens,T78,0.330350
321,0lAWpj5szCSwM4rUMHYmrr,Amelie lens,Spektre,0.325346
322,0lAWpj5szCSwM4rUMHYmrr,Amelie lens,Sara Landry,0.317904
323,0lAWpj5szCSwM4rUMHYmrr,Amelie lens,Spartaque,0.317816
324,0lAWpj5szCSwM4rUMHYmrr,Amelie lens,Mha Iri,0.317763
325,0lAWpj5szCSwM4rUMHYmrr,Amelie lens,Trym,0.297979
326,0lAWpj5szCSwM4rUMHYmrr,Amelie lens,Indira Paganotto,0.297626
327,0lAWpj5szCSwM4rUMHYmrr,Amelie lens,Hi-Lo,0.294092
328,0lAWpj5szCSwM4rUMHYmrr,Amelie lens,BOSTON 168,0.277247
329,0lAWpj5szCSwM4rUMHYmrr,Amelie lens,Klangkuenstler,0.273133
330,0lAWpj5szCSwM4rUMHYmrr,Amelie lens,Cosmic Boys,0.272695
331,0lAWpj5szCSwM4rUMHYmrr,Amelie lens,Bart Skils,0.272475
332,0lAWpj5szCSwM4rUMHYmrr,Amelie lens,I Hate Models,0.271102
333,0lAWpj5szCSwM4rUMHYmrr,Amelie lens,Kobosil,0.266266
334,0lAWpj5szCSwM4rUMHYmrr,Amelie lens,Victor Ruiz,0.264185
335,0lAWpj5szCSwM4rUMHYmrr,Amelie lens,anetha,0.263443
336,0lAWpj5szCSwM4rUMHYmrr,Amelie lens,AKKI (DE),0.261701
337,0lAWpj5szCSwM4rUMHYmrr,Amelie lens,Alex Stein,0.260212
338,0lAWpj5szCSwM4rUMHYmrr,Amelie lens,Belocca,0.254041
339,0lAWpj5szCSwM4rUMHYmrr,Amelie lens,999999999,0.253538
340,0lAWpj5szCSwM4rUMHYmrr,Amelie lens,Pan-Pot,0.253290
341,0lAWpj5szCSwM4rUMHYmrr,Amelie lens,Anfisa Letyago,0.252867
342,0lAWpj5szCSwM4rUMHYmrr,Amelie lens,Mark Reeve,0.251806
343,0lAWpj5szCSwM4rUMHYmrr,Amelie lens,The Age of Love,0.251163
344,0lAWpj5szCSwM4rUMHYmrr,Amelie lens,The Rocketman,0.250961
345,0lAWpj5szCSwM4rUMHYmrr,Amelie lens,Frankyeffe,0.239930
346,0lAWpj5szCSwM4rUMHYmrr,Amelie lens,Wehbba,0.237037
347,0lAWpj5szCSwM4rUMHYmrr,Amelie lens,Fjaak,0.229068
348,0lAWpj5szCSwM4rUMHYmrr,Amelie lens,Mark Dekoda,0.222610
349,0lAWpj5szCSwM4rUMHYmrr,Amelie lens,ROBPM,0.222407
350,0lAWpj5szCSwM4rUMHYmrr,Amelie lens,Maddix,0.220138
351,0lAWpj5szCSwM4rUMHYmrr,Amelie lens,Keith Carnal,0.211820
352,0lAWpj5szCSwM4rUMHYmrr,Amelie lens,Mathame,0.209042
353,0lAWpj5szCSwM4rUMHYmrr,Amelie lens,Alan Fitzpatrick,0.208784
354,0lAWpj5szCSwM4rUMHYmrr,Amelie lens,Nico Moreno,0.206960
355,0lAWpj5szCSwM4rUMHYmrr,Amelie lens,Krl Mx,0.203618
356,0lAWpj5szCSwM4rUMHYmrr,Amelie lens,Dax J,0.201370
357,0lAWpj5szCSwM4rUMHYmrr,Amelie lens,Monika Kruse,0.201259
358,0lAWpj5szCSwM4rUMHYmrr,Amelie lens,Kölsch,0.188969
359,0lAWpj5szCSwM4rUMHYmrr,Amelie lens,Basswell,0.188216
360,0lAWpj5szCSwM4rUMHYmrr,Amelie lens,Stan Christ,0.186615
361,0lAWpj5szCSwM4rUMHYmrr,Amelie lens,Deniz Bul,0.184885
362,0lAWpj5szCSwM4rUMHYmrr,Amelie lens,Dusty Kid,0.181980
363,0lAWpj5szCSwM4rUMHYmrr,Amelie lens,FOVOS,0.179958
364,0lAWpj5szCSwM4rUMHYmrr,Amelie lens,Boris Brejcha,0.177857
365,0lAWpj5szCSwM4rUMHYmrr,Amelie lens,Metodi Hristov,0.173437
366,0lAWpj5szCSwM4rUMHYmrr,Amelie lens,Charlie Sparks (UK),0.171419
367,0lAWpj5szCSwM4rUMHYmrr,Amelie lens,Len Faki,0.165828
368,0lAWpj5szCSwM4rUMHYmrr,Amelie lens,Nina Kraviz,0.165556
369,0lAWpj5szCSwM4rUMHYmrr,Amelie lens,Rebūke,0.165049
370,0lAWpj5szCSwM4rUMHYmrr,Amelie lens,Rikhter,0.161144
371,0lAWpj5szCSwM4rUMHYmrr,Amelie lens,ARTBAT,0.158290
372,0lAWpj5szCSwM4rUMHYmrr,Amelie lens,Agents Of Time,0.157479
373,0lAWpj5szCSwM4rUMHYmrr,Amelie lens,Mossano,0.157383
374,0lAWpj5szCSwM4rUMHYmrr,Amelie lens,Kevin De Vries,0.154146
375,0lAWpj5szCSwM4rUMHYmrr,Amelie lens,Karashnikov,0.152116
376,0lAWpj5szCSwM4rUMHYmrr,Amelie lens,Ben Klock,0.150713
377,0lAWpj5szCSwM4rUMHYmrr,Amelie lens,Julian Jeweil,0.147578
378,0lAWpj5szCSwM4rUMHYmrr,Amelie lens,In Verruf,0.146132
379,0lAWpj5szCSwM4rUMHYmrr,Amelie lens,Rebekah,0.144408
380,0lAWpj5szCSwM4rUMHYmrr,Amelie lens,Oliver Huntemann,0.141030
381,0lAWpj5szCSwM4rUMHYmrr,Amelie lens,Nur Jaber,0.139280
382,0lAWpj5szCSwM4rUMHYmrr,Amelie lens,Oxia,0.137640
383,0lAWpj5szCSwM4rUMHYmrr,Amelie lens,Shlømo,0.136352
384,0lAWpj5szCSwM4rUMHYmrr,Amelie lens,Ann Clue,0.135255
385,0lAWpj5szCSwM4rUMHYmrr,Amelie lens,Hozho,0.134320
386,0lAWpj5szCSwM4rUMHYmrr,Amelie lens,DJ Gigola,0.133038
387,0lAWpj5szCSwM4rUMHYmrr,Amelie lens,Recondite,0.130549
388,0lAWpj5szCSwM4rUMHYmrr,Amelie lens,Mind Against,0.130306
389,0lAWpj5szCSwM4rUMHYmrr,Amelie lens,Carl Cox,0.127756
390,0lAWpj5szCSwM4rUMHYmrr,Amelie lens,MOTVS,0.127264
391,0lAWpj5szCSwM4rUMHYmrr,Amelie lens,Ellen Allien,0.126908
392,0lAWpj5szCSwM4rUMHYmrr,Amelie lens,Jacidorex,0.126633
393,0lAWpj5szCSwM4rUMHYmrr,Amelie lens,Joris Voorn,0.125878
394,0lAWpj5szCSwM4rUMHYmrr,Amelie lens,Schrotthagen,0.125242
395,0lAWpj5szCSwM4rUMHYmrr,Amelie lens,Stella Bossi,0.124635
396,0lAWpj5szCSwM4rUMHYmrr,Amelie lens,Klanglos,0.124169
397,0lAWpj5szCSwM4rUMHYmrr,Amelie lens,Stephan Bodzin,0.123639
398,0lAWpj5szCSwM4rUMHYmrr,Amelie lens,Anyma,0.121415
399,0lAWpj5szCSwM4rUMHYmrr,Amelie lens,Pleasurekraft,0.120459
400,0lAWpj5szCSwM4rUMHYmrr,Maneskin,The Kolors,1
401,0lAWpj5szCSwM4rUMHYmrr,Maneskin,Peppino Gagliardi,0.853966
402,0lAWpj5szCSwM4rUMHYmrr,Maneskin,エド・シーラン,0.397966
403,0lAWpj5szCSwM4rUMHYmrr,Maneskin,ビリー・アイリッシュ,0.353359
404,0lAWpj5szCSwM4rUMHYmrr,Maneskin,オアシス,0.318125
405,0lAWpj5szCSwM4rUMHYmrr,Maneskin,ウィーザー,0.308049
406,0lAWpj5szCSwM4rUMHYmrr,Maneskin,羊文学,0.287919
407,0lAWpj5szCSwM4rUMHYmrr,Maneskin,Thee Michelle Gun Elephant,0.271855
408,0lAWpj5szCSwM4rUMHYmrr,Maneskin,ルイス・キャパルディ,0.260915
409,0lAWpj5szCSwM4rUMHYmrr,Maneskin,ニルヴァーナ,0.237173
410,0lAWpj5szCSwM4rUMHYmrr,Maneskin,オリヴィア・ロドリゴ,0.236889
411,0lAWpj5szCSwM4rUMHYmrr,Maneskin,カネコアヤノ,0.234559
412,0lAWpj5szCSwM4rUMHYmrr,Maneskin,ずっと真夜中でいいのに。,0.195329
413,0lAWpj5szCSwM4rUMHYmrr,Maneskin,SUPER BEAVER,0.190793
414,0lAWpj5szCSwM4rUMHYmrr,Maneskin,andymori,0.189233
415,0lAWpj5szCSwM4rUMHYmrr,Maneskin,レッド・ホット・チリ・ペッパーズ,0.184450
416,0lAWpj5szCSwM4rUMHYmrr,Maneskin,マカロニえんぴつ,0.182058
417,0lAWpj5szCSwM4rUMHYmrr,Maneskin,テイラー・スウィフト,0.171505
418,0lAWpj5szCSwM4rUMHYmrr,Maneskin,リーガルリリー,0.166963
419,0lAWpj5szCSwM4rUMHYmrr,Maneskin,サカナクション,0.166525
420,0lAWpj5szCSwM4rUMHYmrr,Maneskin,あいみょん,0.165362
421,0lAWpj5szCSwM4rUMHYmrr,Maneskin,ヤングブラッド,0.164993
422,0lAWpj5szCSwM4rUMHYmrr,Maneskin,藤井 風,0.164910
423,0lAWpj5szCSwM4rUMHYmrr,Maneskin,King Gnu,0.162749
424,0lAWpj5szCSwM4rUMHYmrr,Maneskin,The Birthday,0.158952
425,0lAWpj5szCSwM4rUMHYmrr,Maneskin,ウルフルズ,0.154854
426,0lAWpj5szCSwM4rUMHYmrr,Maneskin,コールドプレイ,0.150859
427,0lAWpj5szCSwM4rUMHYmrr,Maneskin,くるり,0.150536
428,0lAWpj5szCSwM4rUMHYmrr,Maneskin,スピッツ,0.145588
429,0lAWpj5szCSwM4rUMHYmrr,Maneskin,フジファブリック,0.145190
430,0lAWpj5szCSwM4rUMHYmrr,Maneskin,リル・ヨッティー,0.139314
431,0lAWpj5szCSwM4rUMHYmrr,Maneskin,Vaundy,0.134114
432,0lAWpj5szCSwM4rUMHYmrr,Maneskin,UNISON SQUARE GARDEN,0.130184
433,0lAWpj5szCSwM4rUMHYmrr,Maneskin,tempalay,0.125245
434,0lAWpj5szCSwM4rUMHYmrr,Maneskin,キタニタツヤ,0.122687
435,0lAWpj5szCSwM4rUMHYmrr,Maneskin,ケミカル・ブラザーズ,0.121513
436,0lAWpj5szCSwM4rUMHYmrr,Maneskin,Awich,0.120530
437,0lAWpj5szCSwM4rUMHYmrr,Maneskin,ELLEGARDEN,0.114394
438,0lAWpj5szCSwM4rUMHYmrr,Maneskin,10-FEET,0.114229
439,0lAWpj5szCSwM4rUMHYmrr,Maneskin,Hi-Standard,0.114177
440,0lAWpj5szCSwM4rUMHYmrr,Maneskin,ミーガン・ジー・スタリオン,0.106207
441,0lAWpj5szCSwM4rUMHYmrr,Maneskin,チュウ,0.105991
442,0lAWpj5szCSwM4rUMHYmrr,Maneskin,新しい学校のリーダーズ,0.104456
443,0lAWpj5szCSwM4rUMHYmrr,Maneskin,ケンドリック・ラマー,0.104337
444,0lAWpj5szCSwM4rUMHYmrr,Maneskin,BE:FIRST,0.103736
445,0lAWpj5szCSwM4rUMHYmrr,Maneskin,エレファントカシマシ,0.102376
446,0lAWpj5szCSwM4rUMHYmrr,Maneskin,Måneskin,0.101333
447,0lAWpj5szCSwM4rUMHYmrr,Maneskin,ユン・ミレ & BIBI,0.100881
448,0lAWpj5szCSwM4rUMHYmrr,Maneskin,Jo1,0.099239
449,0lAWpj5szCSwM4rUMHYmrr,Maneskin,Official髭男dism,0.097965
450,0lAWpj5szCSwM4rUMHYmrr,Maneskin,ザ・ラスト・ディナー・パーティー,0.097646
451,0lAWpj5szCSwM4rUMHYmrr,Maneskin,マック・デマルコ,0.097460
452,0lAWpj5szCSwM4rUMHYmrr,Maneskin,WurtS,0.096924
453,0lAWpj5szCSwM4rUMHYmrr,Maneskin,ZAZEN BOYS,0.096390
454,0lAWpj5szCSwM4rUMHYmrr,Maneskin,ボン・ジョヴィ,0.092915
455,0lAWpj5szCSwM4rUMHYmrr,Maneskin,柴田聡子,0.091842
456,0lAWpj5szCSwM4rUMHYmrr,Maneskin,アリアナ・グランデ,0.090691
457,0lAWpj5szCSwM4rUMHYmrr,Maneskin,斉藤和義,0.090067
458,0lAWpj5szCSwM4rUMHYmrr,Maneskin,Mrs. GREEN APPLE,0.089570
459,0lAWpj5szCSwM4rUMHYmrr,Maneskin,ザ・ローリング・ストーンズ,0.085372
460,0lAWpj5szCSwM4rUMHYmrr,Maneskin,ビーバドゥービー,0.085095
461,0lAWpj5szCSwM4rUMHYmrr,Maneskin,Bianca Atzei,0.084407
462,0lAWpj5szCSwM4rUMHYmrr,Maneskin,星野源,0.084356
463,0lAWpj5szCSwM4rUMHYmrr,Maneskin,[Alexandros],0.084024
464,0lAWpj5szCSwM4rUMHYmrr,Maneskin,ちゃんみな,0.081954
465,0lAWpj5szCSwM4rUMHYmrr,Maneskin,コナン・グレイ,0.081564
466,0lAWpj5szCSwM4rUMHYmrr,Maneskin,PEOPLE 1,0.081485
467,0lAWpj5szCSwM4rUMHYmrr,Maneskin,"Metro Boomin, エイサップ・ロッキー & Roisee",0.081001
468,0lAWpj5szCSwM4rUMHYmrr,Maneskin,Mohsen Namjoo,0.079682
469,0lAWpj5szCSwM4rUMHYmrr,Maneskin,きのこ帝国,0.077863
470,0lAWpj5szCSwM4rUMHYmrr,Maneskin,フー・ファイターズ,0.077474
471,0lAWpj5szCSwM4rUMHYmrr,Maneskin,Chilli Beans.,0.077465
472,0lAWpj5szCSwM4rUMHYmrr,Maneskin,Gianni Fiorellino,0.077371
473,0lAWpj5szCSwM4rUMHYmrr,Maneskin,銀杏BOYZ,0.077140
474,0lAWpj5szCSwM4rUMHYmrr,Maneskin,The Yellow Monkey,0.076208
475,0lAWpj5szCSwM4rUMHYmrr,Maneskin,七尾旅人,0.075460
476,0lAWpj5szCSwM4rUMHYmrr,Maneskin,米津玄師,0.074575
477,0lAWpj5szCSwM4rUMHYmrr,Maneskin,Galileo Galilei,0.074229
478,0lAWpj5szCSwM4rUMHYmrr,Maneskin,ポルノグラフィティ,0.073634
479,0lAWpj5szCSwM4rUMHYmrr,Maneskin,Maninni,0.072287
480,0lAWpj5szCSwM4rUMHYmrr,Maneskin,back number,0.071995
481,0lAWpj5szCSwM4rUMHYmrr,Maneskin,緑黄色社会,0.071720
482,0lAWpj5szCSwM4rUMHYmrr,Maneskin,マルーン5,0.071234
483,0lAWpj5szCSwM4rUMHYmrr,Maneskin,ブリーチャーズ,0.071226
484,0lAWpj5szCSwM4rUMHYmrr,Maneskin,B'z,0.071124
485,0lAWpj5szCSwM4rUMHYmrr,Maneskin,GLIM SPANKY,0.070263
486,0lAWpj5szCSwM4rUMHYmrr,Maneskin,Allievi Caliendo Academy,0.070015
487,0lAWpj5szCSwM4rUMHYmrr,Maneskin,One Boy Band,0.070015
488,0lAWpj5szCSwM4rUMHYmrr,Maneskin,Finimondo,0.070015
489,0lAWpj5szCSwM4rUMHYmrr,Maneskin,Davide Trebbi,0.070015
490,0lAWpj5szCSwM4rUMHYmrr,Maneskin,Martina Vinci,0.070015
491,0lAWpj5szCSwM4rUMHYmrr,Maneskin,Cristallo,0.070015
492,0lAWpj5szCSwM4rUMHYmrr,Maneskin,Titti Bianchi,0.070015
493,0lAWpj5szCSwM4rUMHYmrr,Maneskin,Carlo Valente,0.070015
494,0lAWpj5szCSwM4rUMHYmrr,Maneskin,Luigi Mariano,0.070015
495,0lAWpj5szCSwM4rUMHYmrr,Maneskin,Cosimo Morleo,0.070015
496,0lAWpj5szCSwM4rUMHYmrr,Maneskin,picciotto,0.070015
497,0lAWpj5szCSwM4rUMHYmrr,Maneskin,Gruppo Corale Della Fiap Di Cuneo,0.070015
498,0lAWpj5szCSwM4rUMHYmrr,Maneskin,Barbara Cola,0.070015
499,0lAWpj5szCSwM4rUMHYmrr,Maneskin,NITROPHOSKA,0.070015
