,ID,Artista Original,Artista Similar,Coincidencia
0,0lAWpj5szCSwM4rUMHYmrr,Ke Personajes,La T y la M,1
1,0lAWpj5szCSwM4rUMHYmrr,Ke Personajes,Ráfaga,0.517295
2,0lAWpj5szCSwM4rUMHYmrr,Ke Personajes,Damas Gratis,0.504201
3,0lAWpj5szCSwM4rUMHYmrr,Ke Personajes,Los Palmeras,0.464110
4,0lAWpj5szCSwM4rUMHYmrr,Ke Personajes,Leo Mattioli,0.459296
5,0lAWpj5szCSwM4rUMHYmrr,Ke Personajes,Big One,0.445959
6,0lAWpj5szCSwM4rUMHYmrr,Ke Personajes,Mario Luis,0.440108
7,0lAWpj5szCSwM4rUMHYmrr,Ke Personajes,Nestor En Bloque,0.426992
8,0lAWpj5szCSwM4rUMHYmrr,Ke Personajes,Jambao,0.421880
9,0lAWpj5szCSwM4rUMHYmrr,Ke Personajes,Los Del Fuego,0.347797
10,0lAWpj5szCSwM4rUMHYmrr,Ke Personajes,Yerba Brava,0.334078
11,0lAWpj5szCSwM4rUMHYmrr,Ke Personajes,Alan Gomez,0.332122
12,0lAWpj5szCSwM4rUMHYmrr,Ke Personajes,Repiola,0.325803
13,0lAWpj5szCSwM4rUMHYmrr,Ke Personajes,Maria Becerra,0.325497
14,0lAWpj5szCSwM4rUMHYmrr,Ke Personajes,La Delio Valdez,0.322217
15,0lAWpj5szCSwM4rUMHYmrr,Ke Personajes,Agrupación Marilyn,0.306504
16,0lAWpj5szCSwM4rUMHYmrr,Ke Personajes,La Champions Liga,0.298773
17,0lAWpj5szCSwM4rUMHYmrr,Ke Personajes,MANO ARRIBA,0.293191
18,0lAWpj5szCSwM4rUMHYmrr,Ke Personajes,Ecko,0.290274
19,0lAWpj5szCSwM4rUMHYmrr,Ke Personajes,Gilda,0.281917
20,0lAWpj5szCSwM4rUMHYmrr,Ke Personajes,Grupo Red,0.276061
21,0lAWpj5szCSwM4rUMHYmrr,Ke Personajes,Callejero Fino,0.257401
22,0lAWpj5szCSwM4rUMHYmrr,Ke Personajes,Tiago PZK,0.251072
23,0lAWpj5szCSwM4rUMHYmrr,Ke Personajes,La Base,0.249123
24,0lAWpj5szCSwM4rUMHYmrr,Ke Personajes,De la calle,0.245825
25,0lAWpj5szCSwM4rUMHYmrr,Ke Personajes,Los Ángeles Azules,0.227844
26,0lAWpj5szCSwM4rUMHYmrr,Ke Personajes,Los Nota LoKoS,0.215641
27,0lAWpj5szCSwM4rUMHYmrr,Ke Personajes,EL DIPY,0.214007
28,0lAWpj5szCSwM4rUMHYmrr,Ke Personajes,La Joaqui,0.212247
29,0lAWpj5szCSwM4rUMHYmrr,Ke Personajes,NENE MALO,0.209462
30,0lAWpj5szCSwM4rUMHYmrr,Ke Personajes,Grupo Sombras,0.203874
31,0lAWpj5szCSwM4rUMHYmrr,Ke Personajes,La Cumbia,0.197549
32,0lAWpj5szCSwM4rUMHYmrr,Ke Personajes,Los Angeles De Charly,0.197298
33,0lAWpj5szCSwM4rUMHYmrr,Ke Personajes,Jere Klein,0.195692
34,0lAWpj5szCSwM4rUMHYmrr,Ke Personajes,Los Pibes Chorros,0.190234
35,0lAWpj5szCSwM4rUMHYmrr,Ke Personajes,Quevedo,0.182348
36,0lAWpj5szCSwM4rUMHYmrr,Ke Personajes,Khea,0.175750
37,0lAWpj5szCSwM4rUMHYmrr,Ke Personajes,FMK,0.171240
38,0lAWpj5szCSwM4rUMHYmrr,Ke Personajes,La Beriso,0.168836
39,0lAWpj5szCSwM4rUMHYmrr,Ke Personajes,Rusherking,0.168642
40,0lAWpj5szCSwM4rUMHYmrr,Ke Personajes,El Apache Ness,0.156518
41,0lAWpj5szCSwM4rUMHYmrr,Ke Personajes,Mala Fama,0.152771
42,0lAWpj5szCSwM4rUMHYmrr,Ke Personajes,Tony Dize,0.135642
43,0lAWpj5szCSwM4rUMHYmrr,Ke Personajes,J Alvarez,0.125817
44,0lAWpj5szCSwM4rUMHYmrr,Ke Personajes,Daddy Yankee,0.124331
45,0lAWpj5szCSwM4rUMHYmrr,Ke Personajes,Cosculluela,0.123365
46,0lAWpj5szCSwM4rUMHYmrr,Ke Personajes,LiL CaKe,0.122161
47,0lAWpj5szCSwM4rUMHYmrr,Ke Personajes,Piso 21,0.121704
48,0lAWpj5szCSwM4rUMHYmrr,Ke Personajes,Wisin & Yandel,0.117510
49,0lAWpj5szCSwM4rUMHYmrr,Ke Personajes,El Jordan 23,0.116789
50,0lAWpj5szCSwM4rUMHYmrr,Ke Personajes,Dalex,0.108927
51,0lAWpj5szCSwM4rUMHYmrr,Ke Personajes,Myke Towers,0.108921
52,0lAWpj5szCSwM4rUMHYmrr,Ke Personajes,Antonio Rios,0.103912
53,0lAWpj5szCSwM4rUMHYmrr,Ke Personajes,FloyyMenor,0.098504
54,0lAWpj5szCSwM4rUMHYmrr,Ke Personajes,Nicky Jam,0.098469
55,0lAWpj5szCSwM4rUMHYmrr,Ke Personajes,Standly,0.096452
56,0lAWpj5szCSwM4rUMHYmrr,Ke Personajes,Angel Y Khriz,0.096103
57,0lAWpj5szCSwM4rUMHYmrr,Ke Personajes,Makano,0.095416
58,0lAWpj5szCSwM4rUMHYmrr,Ke Personajes,Don Omar,0.095248
59,0lAWpj5szCSwM4rUMHYmrr,Ke Personajes,La Noche,0.094482
60,0lAWpj5szCSwM4rUMHYmrr,Ke Personajes,Anuel AA,0.092425
61,0lAWpj5szCSwM4rUMHYmrr,Ke Personajes,Conociendo Rusia,0.090701
62,0lAWpj5szCSwM4rUMHYmrr,Ke Personajes,Los Angeles Azules,0.089835
63,0lAWpj5szCSwM4rUMHYmrr,Ke Personajes,"Tito ""El Bambino""",0.088967
64,0lAWpj5szCSwM4rUMHYmrr,Ke Personajes,Él mató a un policía motorizado,0.087082
65,0lAWpj5szCSwM4rUMHYmrr,Ke Personajes,Sech,0.086557
66,0lAWpj5szCSwM4rUMHYmrr,Ke Personajes,Wisin,0.084488
67,0lAWpj5szCSwM4rUMHYmrr,Ke Personajes,Manuel Turizo,0.084181
68,0lAWpj5szCSwM4rUMHYmrr,Ke Personajes,Grupo Uno,0.083276
69,0lAWpj5szCSwM4rUMHYmrr,Ke Personajes,Mc Caco,0.081637
70,0lAWpj5szCSwM4rUMHYmrr,Ke Personajes,Brytiago,0.080441
71,0lAWpj5szCSwM4rUMHYmrr,Ke Personajes,Hernan y La Champion's Liga,0.079979
72,0lAWpj5szCSwM4rUMHYmrr,Ke Personajes,Yandel,0.079894
73,0lAWpj5szCSwM4rUMHYmrr,Ke Personajes,Árbol,0.077472
74,0lAWpj5szCSwM4rUMHYmrr,Ke Personajes,La Factoria,0.076548
75,0lAWpj5szCSwM4rUMHYmrr,Ke Personajes,Villa Cariño,0.076056
76,0lAWpj5szCSwM4rUMHYmrr,Ke Personajes,Paco Amoroso,0.075615
77,0lAWpj5szCSwM4rUMHYmrr,Ke Personajes,"Bad Bunny, Feid",0.075098
78,0lAWpj5szCSwM4rUMHYmrr,Ke Personajes,Los Wachiturros,0.073748
79,0lAWpj5szCSwM4rUMHYmrr,Ke Personajes,"Bad Bunny, Daddy Yankee",0.073598
80,0lAWpj5szCSwM4rUMHYmrr,Ke Personajes,La Repandilla,0.073277
81,0lAWpj5szCSwM4rUMHYmrr,Ke Personajes,Louta,0.071621
82,0lAWpj5szCSwM4rUMHYmrr,Ke Personajes,Chino & Nacho,0.070861
83,0lAWpj5szCSwM4rUMHYmrr,Ke Personajes,Zion,0.070399
84,0lAWpj5szCSwM4rUMHYmrr,Ke Personajes,Ozuna,0.070373
85,0lAWpj5szCSwM4rUMHYmrr,Ke Personajes,18 Kilates,0.069715
86,0lAWpj5szCSwM4rUMHYmrr,Ke Personajes,Indio Solari,0.068885
87,0lAWpj5szCSwM4rUMHYmrr,Ke Personajes,Feid,0.068839
88,0lAWpj5szCSwM4rUMHYmrr,Ke Personajes,Justin Quiles,0.067793
89,0lAWpj5szCSwM4rUMHYmrr,Ke Personajes,R.K.M & Ken-Y,0.067327
90,0lAWpj5szCSwM4rUMHYmrr,Ke Personajes,Ivy Queen,0.065808
91,0lAWpj5szCSwM4rUMHYmrr,Ke Personajes,Seven Kayne,0.062988
92,0lAWpj5szCSwM4rUMHYmrr,Ke Personajes,tINI,0.062965
93,0lAWpj5szCSwM4rUMHYmrr,Ke Personajes,Ñengo Flow,0.062134
94,0lAWpj5szCSwM4rUMHYmrr,Ke Personajes,Yng Lvcas,0.062057
95,0lAWpj5szCSwM4rUMHYmrr,Ke Personajes,Arcangel,0.061935
96,0lAWpj5szCSwM4rUMHYmrr,Ke Personajes,De La Ghetto,0.061791
97,0lAWpj5szCSwM4rUMHYmrr,Ke Personajes,Skay Beilinson,0.060056
98,0lAWpj5szCSwM4rUMHYmrr,Ke Personajes,Alexis y Fido,0.058877
99,0lAWpj5szCSwM4rUMHYmrr,Ke Personajes,Farruko,0.058536
100,0lAWpj5szCSwM4rUMHYmrr,Ariana Grande,"Jessie J, Ariana Grande & Nicki Minaj",1
101,0lAWpj5szCSwM4rUMHYmrr,Ariana Grande,Sabrina Carpenter,0.884305
102,0lAWpj5szCSwM4rUMHYmrr,Ariana Grande,SZA,0.712460
103,0lAWpj5szCSwM4rUMHYmrr,Ariana Grande,Madison Beer,0.707017
104,0lAWpj5szCSwM4rUMHYmrr,Ariana Grande,Cynthia Erivo,0.691679
105,0lAWpj5szCSwM4rUMHYmrr,Ariana Grande,Doja Cat,0.668860
106,0lAWpj5szCSwM4rUMHYmrr,Ariana Grande,The Weeknd & Ariana Grande,0.609923
107,0lAWpj5szCSwM4rUMHYmrr,Ariana Grande,Beyoncé,0.555919
108,0lAWpj5szCSwM4rUMHYmrr,Ariana Grande,Tate McRae,0.536407
109,0lAWpj5szCSwM4rUMHYmrr,Ariana Grande,Tyla,0.499857
110,0lAWpj5szCSwM4rUMHYmrr,Ariana Grande,FLO,0.491167
111,0lAWpj5szCSwM4rUMHYmrr,Ariana Grande,Victoria Monét,0.465626
112,0lAWpj5szCSwM4rUMHYmrr,Ariana Grande,Brandy & Monica,0.465037
113,0lAWpj5szCSwM4rUMHYmrr,Ariana Grande,Camila Cabello,0.461945
114,0lAWpj5szCSwM4rUMHYmrr,Ariana Grande,Dua Lipa,0.459043
115,0lAWpj5szCSwM4rUMHYmrr,Ariana Grande,Olivia Rodrigo,0.458057
116,0lAWpj5szCSwM4rUMHYmrr,Ariana Grande,Rihanna,0.456561
117,0lAWpj5szCSwM4rUMHYmrr,Ariana Grande,Mariah Carey,0.444661
118,0lAWpj5szCSwM4rUMHYmrr,Ariana Grande,Summer Walker,0.393964
119,0lAWpj5szCSwM4rUMHYmrr,Ariana Grande,Normani,0.392096
120,0lAWpj5szCSwM4rUMHYmrr,Ariana Grande,Nicki Minaj,0.385347
121,0lAWpj5szCSwM4rUMHYmrr,Ariana Grande,Billie Eilish,0.371909
122,0lAWpj5szCSwM4rUMHYmrr,Ariana Grande,Lady Gaga & Ariana Grande,0.367697
123,0lAWpj5szCSwM4rUMHYmrr,Ariana Grande,Ariana Grande & Nathan Sykes,0.360939
124,0lAWpj5szCSwM4rUMHYmrr,Ariana Grande,Addison Rae,0.354442
125,0lAWpj5szCSwM4rUMHYmrr,Ariana Grande,Chlöe,0.353948
126,0lAWpj5szCSwM4rUMHYmrr,Ariana Grande,Chloe x Halle,0.350948
127,0lAWpj5szCSwM4rUMHYmrr,Ariana Grande,Destiny's Child,0.340600
128,0lAWpj5szCSwM4rUMHYmrr,Ariana Grande,Fifth Harmony,0.333988
129,0lAWpj5szCSwM4rUMHYmrr,Ariana Grande,Tinashe,0.333272
130,0lAWpj5szCSwM4rUMHYmrr,Ariana Grande,Anitta,0.327807
131,0lAWpj5szCSwM4rUMHYmrr,Ariana Grande,Raye,0.322254
132,0lAWpj5szCSwM4rUMHYmrr,Ariana Grande,Justin Bieber,0.317460
133,0lAWpj5szCSwM4rUMHYmrr,Ariana Grande,Kehlani,0.306024
134,0lAWpj5szCSwM4rUMHYmrr,Ariana Grande,Luísa Sonza,0.301143
135,0lAWpj5szCSwM4rUMHYmrr,Ariana Grande,Nathan Sykes,0.299321
136,0lAWpj5szCSwM4rUMHYmrr,Ariana Grande,Halle,0.299189
137,0lAWpj5szCSwM4rUMHYmrr,Ariana Grande,Selena Gomez,0.295510
138,0lAWpj5szCSwM4rUMHYmrr,Ariana Grande,Tori Kelly,0.295153
139,0lAWpj5szCSwM4rUMHYmrr,Ariana Grande,Taylor Swift,0.291051
140,0lAWpj5szCSwM4rUMHYmrr,Ariana Grande,Zendaya,0.288920
141,0lAWpj5szCSwM4rUMHYmrr,Ariana Grande,Whitney Houston,0.286598
142,0lAWpj5szCSwM4rUMHYmrr,Ariana Grande,Jhené Aiko,0.286260
143,0lAWpj5szCSwM4rUMHYmrr,Ariana Grande,Kali Uchis,0.285331
144,0lAWpj5szCSwM4rUMHYmrr,Ariana Grande,Cassie,0.283531
145,0lAWpj5szCSwM4rUMHYmrr,Ariana Grande,Katy Perry,0.276385
146,0lAWpj5szCSwM4rUMHYmrr,Ariana Grande,Little Mix,0.276373
147,0lAWpj5szCSwM4rUMHYmrr,Ariana Grande,Zara Larsson,0.275554
148,0lAWpj5szCSwM4rUMHYmrr,Ariana Grande,JoJo,0.274925
149,0lAWpj5szCSwM4rUMHYmrr,Ariana Grande,Who Is Fancy,0.270740
150,0lAWpj5szCSwM4rUMHYmrr,Ariana Grande,Lana Del Rey,0.266631
151,0lAWpj5szCSwM4rUMHYmrr,Ariana Grande,Dove Cameron,0.264538
152,0lAWpj5szCSwM4rUMHYmrr,Ariana Grande,Melanie Martinez,0.263182
153,0lAWpj5szCSwM4rUMHYmrr,Ariana Grande,Victoria Justice,0.257721
154,0lAWpj5szCSwM4rUMHYmrr,Ariana Grande,Lady Gaga,0.256094
155,0lAWpj5szCSwM4rUMHYmrr,Ariana Grande,Bruno Mars,0.255681
156,0lAWpj5szCSwM4rUMHYmrr,Ariana Grande,Miley Cyrus,0.254113
157,0lAWpj5szCSwM4rUMHYmrr,Ariana Grande,Ava Max,0.252890
158,0lAWpj5szCSwM4rUMHYmrr,Ariana Grande,Demi Lovato,0.251901
159,0lAWpj5szCSwM4rUMHYmrr,Ariana Grande,pinkpantheress,0.251287
160,0lAWpj5szCSwM4rUMHYmrr,Ariana Grande,The Pussycat Dolls,0.248122
161,0lAWpj5szCSwM4rUMHYmrr,Ariana Grande,Fergie,0.245920
162,0lAWpj5szCSwM4rUMHYmrr,Ariana Grande,Brandy,0.241191
163,0lAWpj5szCSwM4rUMHYmrr,Ariana Grande,Coco Jones,0.236918
164,0lAWpj5szCSwM4rUMHYmrr,Ariana Grande,Kim Petras,0.234835
165,0lAWpj5szCSwM4rUMHYmrr,Ariana Grande,Jade,0.231114
166,0lAWpj5szCSwM4rUMHYmrr,Ariana Grande,Charli XCX,0.231023
167,0lAWpj5szCSwM4rUMHYmrr,Ariana Grande,Christina Aguilera,0.229686
168,0lAWpj5szCSwM4rUMHYmrr,Ariana Grande,Britney Spears,0.224378
169,0lAWpj5szCSwM4rUMHYmrr,Ariana Grande,Alina Baraz,0.222117
170,0lAWpj5szCSwM4rUMHYmrr,Ariana Grande,Ciara,0.220798
171,0lAWpj5szCSwM4rUMHYmrr,Ariana Grande,Meghan Trainor,0.218144
172,0lAWpj5szCSwM4rUMHYmrr,Ariana Grande,Pia Mia,0.212484
173,0lAWpj5szCSwM4rUMHYmrr,Ariana Grande,Lauren Jauregui,0.212012
174,0lAWpj5szCSwM4rUMHYmrr,Ariana Grande,Adele,0.211396
175,0lAWpj5szCSwM4rUMHYmrr,Ariana Grande,Doja Cat & The Weeknd,0.210719
176,0lAWpj5szCSwM4rUMHYmrr,Ariana Grande,Nessa Barrett,0.208945
177,0lAWpj5szCSwM4rUMHYmrr,Ariana Grande,Becky G,0.208810
178,0lAWpj5szCSwM4rUMHYmrr,Ariana Grande,Lizzo,0.207778
179,0lAWpj5szCSwM4rUMHYmrr,Ariana Grande,The Weeknd,0.207661
180,0lAWpj5szCSwM4rUMHYmrr,Ariana Grande,Rina Sawayama,0.205504
181,0lAWpj5szCSwM4rUMHYmrr,Ariana Grande,Aaliyah,0.204628
182,0lAWpj5szCSwM4rUMHYmrr,Ariana Grande,Mabel,0.203206
183,0lAWpj5szCSwM4rUMHYmrr,Ariana Grande,Gracie Abrams,0.202376
184,0lAWpj5szCSwM4rUMHYmrr,Ariana Grande,Jordin Sparks,0.202238
185,0lAWpj5szCSwM4rUMHYmrr,Ariana Grande,Selena Gomez & the Scene,0.196321
186,0lAWpj5szCSwM4rUMHYmrr,Ariana Grande,Reneé Rapp,0.194419
187,0lAWpj5szCSwM4rUMHYmrr,Ariana Grande,Jennifer Lopez,0.194041
188,0lAWpj5szCSwM4rUMHYmrr,Ariana Grande,Hailee Steinfeld,0.194003
189,0lAWpj5szCSwM4rUMHYmrr,Ariana Grande,Keke Palmer,0.192863
190,0lAWpj5szCSwM4rUMHYmrr,Ariana Grande,Danna Paola,0.192020
191,0lAWpj5szCSwM4rUMHYmrr,Ariana Grande,Zayn,0.190777
192,0lAWpj5szCSwM4rUMHYmrr,Ariana Grande,Halsey,0.188270
193,0lAWpj5szCSwM4rUMHYmrr,Ariana Grande,Muni Long,0.188072
194,0lAWpj5szCSwM4rUMHYmrr,Ariana Grande,Jessie J,0.184529
195,0lAWpj5szCSwM4rUMHYmrr,Ariana Grande,Justin Timberlake,0.184361
196,0lAWpj5szCSwM4rUMHYmrr,Ariana Grande,Rosalía,0.182976
197,0lAWpj5szCSwM4rUMHYmrr,Ariana Grande,Katseye,0.182656
198,0lAWpj5szCSwM4rUMHYmrr,Ariana Grande,Shawn Mendes,0.181216
199,0lAWpj5szCSwM4rUMHYmrr,Ariana Grande,Teyana Taylor,0.180347
200,0lAWpj5szCSwM4rUMHYmrr,Linkin Park,Mike Shinoda,1
201,0lAWpj5szCSwM4rUMHYmrr,Linkin Park,Dead By Sunrise,0.964761
202,0lAWpj5szCSwM4rUMHYmrr,Linkin Park,Jay-Z and Linkin Park,0.766528
203,0lAWpj5szCSwM4rUMHYmrr,Linkin Park,Dead Sara,0.511501
204,0lAWpj5szCSwM4rUMHYmrr,Linkin Park,Grey Daze,0.471841
205,0lAWpj5szCSwM4rUMHYmrr,Linkin Park,Papa Roach,0.406191
206,0lAWpj5szCSwM4rUMHYmrr,Linkin Park,Three Days Grace,0.378861
207,0lAWpj5szCSwM4rUMHYmrr,Linkin Park,Slipknot,0.368826
208,0lAWpj5szCSwM4rUMHYmrr,Linkin Park,Chester Bennington,0.345597
209,0lAWpj5szCSwM4rUMHYmrr,Linkin Park,Limp Bizkit,0.309708
210,0lAWpj5szCSwM4rUMHYmrr,Linkin Park,Korn,0.304600
211,0lAWpj5szCSwM4rUMHYmrr,Linkin Park,Breaking Benjamin,0.290377
212,0lAWpj5szCSwM4rUMHYmrr,Linkin Park,System of a Down,0.271211
213,0lAWpj5szCSwM4rUMHYmrr,Linkin Park,P.O.D.,0.239901
214,0lAWpj5szCSwM4rUMHYmrr,Linkin Park,Staind,0.236599
215,0lAWpj5szCSwM4rUMHYmrr,Linkin Park,Deftones,0.217926
216,0lAWpj5szCSwM4rUMHYmrr,Linkin Park,Disturbed,0.216899
217,0lAWpj5szCSwM4rUMHYmrr,Linkin Park,Evanescence,0.209542
218,0lAWpj5szCSwM4rUMHYmrr,Linkin Park,Thousand Foot Krutch,0.199381
219,0lAWpj5szCSwM4rUMHYmrr,Linkin Park,Adema,0.198229
220,0lAWpj5szCSwM4rUMHYmrr,Linkin Park,Saliva,0.196258
221,0lAWpj5szCSwM4rUMHYmrr,Linkin Park,Seether,0.193247
222,0lAWpj5szCSwM4rUMHYmrr,Linkin Park,Skillet,0.188450
223,0lAWpj5szCSwM4rUMHYmrr,Linkin Park,30 Seconds to Mars,0.184625
224,0lAWpj5szCSwM4rUMHYmrr,Linkin Park,Drowning Pool,0.184473
225,0lAWpj5szCSwM4rUMHYmrr,Linkin Park,Rage Against the Machine,0.184203
226,0lAWpj5szCSwM4rUMHYmrr,Linkin Park,Stone Sour,0.181939
227,0lAWpj5szCSwM4rUMHYmrr,Linkin Park,TRUSTcompany,0.181138
228,0lAWpj5szCSwM4rUMHYmrr,Linkin Park,Poppy,0.179202
229,0lAWpj5szCSwM4rUMHYmrr,Linkin Park,Twenty One Pilots,0.178620
230,0lAWpj5szCSwM4rUMHYmrr,Linkin Park,Mudvayne,0.177089
231,0lAWpj5szCSwM4rUMHYmrr,Linkin Park,Hoobastank,0.173202
232,0lAWpj5szCSwM4rUMHYmrr,Linkin Park,Crazy Town,0.172368
233,0lAWpj5szCSwM4rUMHYmrr,Linkin Park,Shinedown,0.166863
234,0lAWpj5szCSwM4rUMHYmrr,Linkin Park,Taproot,0.164131
235,0lAWpj5szCSwM4rUMHYmrr,Linkin Park,Godsmack,0.162647
236,0lAWpj5szCSwM4rUMHYmrr,Linkin Park,Trapt,0.161815
237,0lAWpj5szCSwM4rUMHYmrr,Linkin Park,Crossfade,0.151188
238,0lAWpj5szCSwM4rUMHYmrr,Linkin Park,Sick Puppies,0.150237
239,0lAWpj5szCSwM4rUMHYmrr,Linkin Park,Audioslave,0.150077
240,0lAWpj5szCSwM4rUMHYmrr,Linkin Park,Nickelback,0.148311
241,0lAWpj5szCSwM4rUMHYmrr,Linkin Park,Muse,0.148200
242,0lAWpj5szCSwM4rUMHYmrr,Linkin Park,The Offspring,0.147375
243,0lAWpj5szCSwM4rUMHYmrr,Linkin Park,Red,0.145360
244,0lAWpj5szCSwM4rUMHYmrr,Linkin Park,Green Day,0.145354
245,0lAWpj5szCSwM4rUMHYmrr,Linkin Park,Starset,0.145003
246,0lAWpj5szCSwM4rUMHYmrr,Linkin Park,Serj Tankian,0.144398
247,0lAWpj5szCSwM4rUMHYmrr,Linkin Park,Story of the Year,0.140735
248,0lAWpj5szCSwM4rUMHYmrr,Linkin Park,Nothing More,0.137632
249,0lAWpj5szCSwM4rUMHYmrr,Linkin Park,Ill Niño,0.137521
250,0lAWpj5szCSwM4rUMHYmrr,Linkin Park,Paramore,0.135291
251,0lAWpj5szCSwM4rUMHYmrr,Linkin Park,Corey Taylor,0.132798
252,0lAWpj5szCSwM4rUMHYmrr,Linkin Park,Alter Bridge,0.130932
253,0lAWpj5szCSwM4rUMHYmrr,Linkin Park,Red Hot Chili Peppers,0.130299
254,0lAWpj5szCSwM4rUMHYmrr,Linkin Park,Nonpoint,0.130280
255,0lAWpj5szCSwM4rUMHYmrr,Linkin Park,3 Doors Down,0.130132
256,0lAWpj5szCSwM4rUMHYmrr,Linkin Park,Xero,0.129888
257,0lAWpj5szCSwM4rUMHYmrr,Linkin Park,Good Charlotte,0.129162
258,0lAWpj5szCSwM4rUMHYmrr,Linkin Park,Lostprophets,0.129150
259,0lAWpj5szCSwM4rUMHYmrr,Linkin Park,Jonathan Davis,0.126755
260,0lAWpj5szCSwM4rUMHYmrr,Linkin Park,Billy Talent,0.126701
261,0lAWpj5szCSwM4rUMHYmrr,Linkin Park,Finger Eleven,0.126107
262,0lAWpj5szCSwM4rUMHYmrr,Linkin Park,Imagine Dragons,0.123748
263,0lAWpj5szCSwM4rUMHYmrr,Linkin Park,Flaw,0.122241
264,0lAWpj5szCSwM4rUMHYmrr,Linkin Park,A Perfect Circle,0.120996
265,0lAWpj5szCSwM4rUMHYmrr,Linkin Park,Static-X,0.120613
266,0lAWpj5szCSwM4rUMHYmrr,Linkin Park,Fever 333,0.120440
267,0lAWpj5szCSwM4rUMHYmrr,Linkin Park,From Ashes to New,0.118984
268,0lAWpj5szCSwM4rUMHYmrr,Linkin Park,Saint Asonia,0.118830
269,0lAWpj5szCSwM4rUMHYmrr,Linkin Park,Chevelle,0.118428
270,0lAWpj5szCSwM4rUMHYmrr,Linkin Park,12 Stones,0.118047
271,0lAWpj5szCSwM4rUMHYmrr,Linkin Park,Foo Fighters,0.117981
272,0lAWpj5szCSwM4rUMHYmrr,Linkin Park,Element Eighty,0.117948
273,0lAWpj5szCSwM4rUMHYmrr,Linkin Park,Yellowcard,0.117681
274,0lAWpj5szCSwM4rUMHYmrr,Linkin Park,Incubus,0.116954
275,0lAWpj5szCSwM4rUMHYmrr,Linkin Park,Alice in Chains,0.116127
276,0lAWpj5szCSwM4rUMHYmrr,Linkin Park,Coldplay,0.115057
277,0lAWpj5szCSwM4rUMHYmrr,Linkin Park,Alien Ant Farm,0.111891
278,0lAWpj5szCSwM4rUMHYmrr,Linkin Park,The Rasmus,0.110863
279,0lAWpj5szCSwM4rUMHYmrr,Linkin Park,Flyleaf,0.110141
280,0lAWpj5szCSwM4rUMHYmrr,Linkin Park,Guano Apes,0.110022
281,0lAWpj5szCSwM4rUMHYmrr,Linkin Park,10 Years,0.109458
282,0lAWpj5szCSwM4rUMHYmrr,Linkin Park,Cold,0.109121
283,0lAWpj5szCSwM4rUMHYmrr,Linkin Park,The Calling,0.108748
284,0lAWpj5szCSwM4rUMHYmrr,Linkin Park,Sevendust,0.108649
285,0lAWpj5szCSwM4rUMHYmrr,Linkin Park,Halestorm,0.107718
286,0lAWpj5szCSwM4rUMHYmrr,Linkin Park,My Chemical Romance,0.107544
287,0lAWpj5szCSwM4rUMHYmrr,Linkin Park,Daughtry,0.106246
288,0lAWpj5szCSwM4rUMHYmrr,Linkin Park,Creed,0.105681
289,0lAWpj5szCSwM4rUMHYmrr,Linkin Park,Coal Chamber,0.105243
290,0lAWpj5szCSwM4rUMHYmrr,Linkin Park,Puddle of Mudd,0.104649
291,0lAWpj5szCSwM4rUMHYmrr,Linkin Park,OneRepublic,0.103849
292,0lAWpj5szCSwM4rUMHYmrr,Linkin Park,The Pretty Reckless,0.101662
293,0lAWpj5szCSwM4rUMHYmrr,Linkin Park,Chad Kroeger,0.101014
294,0lAWpj5szCSwM4rUMHYmrr,Linkin Park,Placebo,0.099058
295,0lAWpj5szCSwM4rUMHYmrr,Linkin Park,Soil,0.098597
296,0lAWpj5szCSwM4rUMHYmrr,Linkin Park,Daron Malakian and Scars On Broadway,0.098412
297,0lAWpj5szCSwM4rUMHYmrr,Linkin Park,Nirvana,0.096995
298,0lAWpj5szCSwM4rUMHYmrr,Linkin Park,Mushroomhead,0.096259
299,0lAWpj5szCSwM4rUMHYmrr,Linkin Park,The Red Jumpsuit Apparatus,0.096205
300,0lAWpj5szCSwM4rUMHYmrr,Amelie lens,Charlotte de Witte,1
301,0lAWpj5szCSwM4rUMHYmrr,Amelie lens,Farrago,0.755257
302,0lAWpj5szCSwM4rUMHYmrr,Amelie lens,AIROD,0.751081
303,0lAWpj5szCSwM4rUMHYmrr,Amelie lens,Deborah De Luca,0.642902
304,0lAWpj5szCSwM4rUMHYmrr,Amelie lens,Joyhauser,0.626350
305,0lAWpj5szCSwM4rUMHYmrr,Amelie lens,Space 92,0.624670
306,0lAWpj5szCSwM4rUMHYmrr,Amelie lens,Lilly Palmer,0.598272
307,0lAWpj5szCSwM4rUMHYmrr,Amelie lens,Adam Beyer,0.479901
308,0lAWpj5szCSwM4rUMHYmrr,Amelie lens,Enrico Sangiuliano,0.457992
309,0lAWpj5szCSwM4rUMHYmrr,Amelie lens,Thomas Schumacher,0.429774
310,0lAWpj5szCSwM4rUMHYmrr,Amelie lens,Layton Giordani,0.424618
311,0lAWpj5szCSwM4rUMHYmrr,Amelie lens,Sam Paganini,0.396838
312,0lAWpj5szCSwM4rUMHYmrr,Amelie lens,UMEK,0.382235
313,0lAWpj5szCSwM4rUMHYmrr,Amelie lens,Alignment,0.379358
314,0lAWpj5szCSwM4rUMHYmrr,Amelie lens,Reinier Zonneveld,0.371894
315,0lAWpj5szCSwM4rUMHYmrr,Amelie lens,Eli Brown,0.367390
316,0lAWpj5szCSwM4rUMHYmrr,Amelie lens,Marie Vaunt,0.366058
317,0lAWpj5szCSwM4rUMHYmrr,Amelie lens,Under Black Helmet,0.361576
318,0lAWpj5szCSwM4rUMHYmrr,Amelie lens,Regal,0.353610
319,0lAWpj5szCSwM4rUMHYmrr,Amelie lens,Sara Landry,0.314398
320,0lAWpj5szCSwM4rUMHYmrr,Amelie lens,T78,0.309404
321,0lAWpj5szCSwM4rUMHYmrr,Amelie lens,Spektre,0.306418
322,0lAWpj5szCSwM4rUMHYmrr,Amelie lens,Indira Paganotto,0.301172
323,0lAWpj5szCSwM4rUMHYmrr,Amelie lens,Mha Iri,0.301048
324,0lAWpj5szCSwM4rUMHYmrr,Amelie lens,Teenage Mutants,0.298535
325,0lAWpj5szCSwM4rUMHYmrr,Amelie lens,Kobosil,0.282400
326,0lAWpj5szCSwM4rUMHYmrr,Amelie lens,Bart Skils,0.279431
327,0lAWpj5szCSwM4rUMHYmrr,Amelie lens,Hi-Lo,0.276104
328,0lAWpj5szCSwM4rUMHYmrr,Amelie lens,Trym,0.274478
329,0lAWpj5szCSwM4rUMHYmrr,Amelie lens,Cosmic Boys,0.271709
330,0lAWpj5szCSwM4rUMHYmrr,Amelie lens,AKKI (DE),0.271396
331,0lAWpj5szCSwM4rUMHYmrr,Amelie lens,Spartaque,0.260849
332,0lAWpj5szCSwM4rUMHYmrr,Amelie lens,The Age of Love,0.260809
333,0lAWpj5szCSwM4rUMHYmrr,Amelie lens,Klangkuenstler,0.258866
334,0lAWpj5szCSwM4rUMHYmrr,Amelie lens,Pan-Pot,0.258140
335,0lAWpj5szCSwM4rUMHYmrr,Amelie lens,anetha,0.255853
336,0lAWpj5szCSwM4rUMHYmrr,Amelie lens,BOSTON 168,0.255594
337,0lAWpj5szCSwM4rUMHYmrr,Amelie lens,I Hate Models,0.250379
338,0lAWpj5szCSwM4rUMHYmrr,Amelie lens,Mark Reeve,0.247400
339,0lAWpj5szCSwM4rUMHYmrr,Amelie lens,Belocca,0.243889
340,0lAWpj5szCSwM4rUMHYmrr,Amelie lens,999999999,0.242314
341,0lAWpj5szCSwM4rUMHYmrr,Amelie lens,Victor Ruiz,0.241472
342,0lAWpj5szCSwM4rUMHYmrr,Amelie lens,Alex Stein,0.238613
343,0lAWpj5szCSwM4rUMHYmrr,Amelie lens,Anfisa Letyago,0.226919
344,0lAWpj5szCSwM4rUMHYmrr,Amelie lens,Frankyeffe,0.226097
345,0lAWpj5szCSwM4rUMHYmrr,Amelie lens,Fjaak,0.221587
346,0lAWpj5szCSwM4rUMHYmrr,Amelie lens,Alan Fitzpatrick,0.221058
347,0lAWpj5szCSwM4rUMHYmrr,Amelie lens,Maddix,0.217192
348,0lAWpj5szCSwM4rUMHYmrr,Amelie lens,Wehbba,0.216920
349,0lAWpj5szCSwM4rUMHYmrr,Amelie lens,Mark Dekoda,0.215975
350,0lAWpj5szCSwM4rUMHYmrr,Amelie lens,ROBPM,0.209902
351,0lAWpj5szCSwM4rUMHYmrr,Amelie lens,Mathame,0.199587
352,0lAWpj5szCSwM4rUMHYmrr,Amelie lens,Basswell,0.199123
353,0lAWpj5szCSwM4rUMHYmrr,Amelie lens,Krl Mx,0.197471
354,0lAWpj5szCSwM4rUMHYmrr,Amelie lens,Nico Moreno,0.196750
355,0lAWpj5szCSwM4rUMHYmrr,Amelie lens,Kölsch,0.187453
356,0lAWpj5szCSwM4rUMHYmrr,Amelie lens,Dax J,0.185544
357,0lAWpj5szCSwM4rUMHYmrr,Amelie lens,Dusty Kid,0.181768
358,0lAWpj5szCSwM4rUMHYmrr,Amelie lens,Monika Kruse,0.177894
359,0lAWpj5szCSwM4rUMHYmrr,Amelie lens,Deniz Bul,0.174525
360,0lAWpj5szCSwM4rUMHYmrr,Amelie lens,FOVOS,0.174153
361,0lAWpj5szCSwM4rUMHYmrr,Amelie lens,Nina Kraviz,0.173762
362,0lAWpj5szCSwM4rUMHYmrr,Amelie lens,Stan Christ,0.170316
363,0lAWpj5szCSwM4rUMHYmrr,Amelie lens,The Rocketman,0.168943
364,0lAWpj5szCSwM4rUMHYmrr,Amelie lens,Boris Brejcha,0.168275
365,0lAWpj5szCSwM4rUMHYmrr,Amelie lens,Charlie Sparks (UK),0.167977
366,0lAWpj5szCSwM4rUMHYmrr,Amelie lens,Keith Carnal,0.167327
367,0lAWpj5szCSwM4rUMHYmrr,Amelie lens,Len Faki,0.159498
368,0lAWpj5szCSwM4rUMHYmrr,Amelie lens,Mossano,0.159498
369,0lAWpj5szCSwM4rUMHYmrr,Amelie lens,In Verruf,0.156082
370,0lAWpj5szCSwM4rUMHYmrr,Amelie lens,Agents Of Time,0.154562
371,0lAWpj5szCSwM4rUMHYmrr,Amelie lens,Rebūke,0.154467
372,0lAWpj5szCSwM4rUMHYmrr,Amelie lens,Julian Jeweil,0.152689
373,0lAWpj5szCSwM4rUMHYmrr,Amelie lens,ARTBAT,0.150592
374,0lAWpj5szCSwM4rUMHYmrr,Amelie lens,Karashnikov,0.148378
375,0lAWpj5szCSwM4rUMHYmrr,Amelie lens,Oliver Huntemann,0.141633
376,0lAWpj5szCSwM4rUMHYmrr,Amelie lens,Kevin De Vries,0.138215
377,0lAWpj5szCSwM4rUMHYmrr,Amelie lens,Rebekah,0.137354
378,0lAWpj5szCSwM4rUMHYmrr,Amelie lens,Rikhter,0.132640
379,0lAWpj5szCSwM4rUMHYmrr,Amelie lens,Mind Against,0.132165
380,0lAWpj5szCSwM4rUMHYmrr,Amelie lens,Metodi Hristov,0.132110
381,0lAWpj5szCSwM4rUMHYmrr,Amelie lens,Oxia,0.131579
382,0lAWpj5szCSwM4rUMHYmrr,Amelie lens,Hozho,0.130723
383,0lAWpj5szCSwM4rUMHYmrr,Amelie lens,Ann Clue,0.130610
384,0lAWpj5szCSwM4rUMHYmrr,Amelie lens,Ben Klock,0.130204
385,0lAWpj5szCSwM4rUMHYmrr,Amelie lens,Recondite,0.130081
386,0lAWpj5szCSwM4rUMHYmrr,Amelie lens,MOTVS,0.125379
387,0lAWpj5szCSwM4rUMHYmrr,Amelie lens,Carl Cox,0.123497
388,0lAWpj5szCSwM4rUMHYmrr,Amelie lens,Shlømo,0.122985
389,0lAWpj5szCSwM4rUMHYmrr,Amelie lens,Nur Jaber,0.122319
390,0lAWpj5szCSwM4rUMHYmrr,Amelie lens,Klanglos,0.121289
391,0lAWpj5szCSwM4rUMHYmrr,Amelie lens,Stella Bossi,0.121263
392,0lAWpj5szCSwM4rUMHYmrr,Amelie lens,DJ Gigola,0.121258
393,0lAWpj5szCSwM4rUMHYmrr,Amelie lens,Emmanuel Top,0.118585
394,0lAWpj5szCSwM4rUMHYmrr,Amelie lens,Jacidorex,0.118025
395,0lAWpj5szCSwM4rUMHYmrr,Amelie lens,Anyma,0.116862
396,0lAWpj5szCSwM4rUMHYmrr,Amelie lens,Stephan Bodzin,0.116576
397,0lAWpj5szCSwM4rUMHYmrr,Amelie lens,Ellen Allien,0.115760
398,0lAWpj5szCSwM4rUMHYmrr,Amelie lens,Ramon Tapia,0.115330
399,0lAWpj5szCSwM4rUMHYmrr,Amelie lens,PUSH,0.114222
400,0lAWpj5szCSwM4rUMHYmrr,Maneskin,Peppino Gagliardi,1
401,0lAWpj5szCSwM4rUMHYmrr,Maneskin,The Kolors,0.929485
402,0lAWpj5szCSwM4rUMHYmrr,Maneskin,ビリー・アイリッシュ,0.440584
403,0lAWpj5szCSwM4rUMHYmrr,Maneskin,エド・シーラン,0.435093
404,0lAWpj5szCSwM4rUMHYmrr,Maneskin,オアシス,0.353382
405,0lAWpj5szCSwM4rUMHYmrr,Maneskin,ウィーザー,0.350733
406,0lAWpj5szCSwM4rUMHYmrr,Maneskin,羊文学,0.335285
407,0lAWpj5szCSwM4rUMHYmrr,Maneskin,Thee Michelle Gun Elephant,0.303758
408,0lAWpj5szCSwM4rUMHYmrr,Maneskin,ニルヴァーナ,0.277208
409,0lAWpj5szCSwM4rUMHYmrr,Maneskin,SUPER BEAVER,0.268388
410,0lAWpj5szCSwM4rUMHYmrr,Maneskin,ルイス・キャパルディ,0.265563
411,0lAWpj5szCSwM4rUMHYmrr,Maneskin,ヤングブラッド,0.264898
412,0lAWpj5szCSwM4rUMHYmrr,Maneskin,オリヴィア・ロドリゴ,0.251200
413,0lAWpj5szCSwM4rUMHYmrr,Maneskin,レッド・ホット・チリ・ペッパーズ,0.239550
414,0lAWpj5szCSwM4rUMHYmrr,Maneskin,OKAMOTO'S,0.215135
415,0lAWpj5szCSwM4rUMHYmrr,Maneskin,カネコアヤノ,0.213376
416,0lAWpj5szCSwM4rUMHYmrr,Maneskin,リーガルリリー,0.211478
417,0lAWpj5szCSwM4rUMHYmrr,Maneskin,フジファブリック,0.208827
418,0lAWpj5szCSwM4rUMHYmrr,Maneskin,マカロニえんぴつ,0.205591
419,0lAWpj5szCSwM4rUMHYmrr,Maneskin,サカナクション,0.198484
420,0lAWpj5szCSwM4rUMHYmrr,Maneskin,ずっと真夜中でいいのに。,0.197912
421,0lAWpj5szCSwM4rUMHYmrr,Maneskin,藤井 風,0.197733
422,0lAWpj5szCSwM4rUMHYmrr,Maneskin,あいみょん,0.195609
423,0lAWpj5szCSwM4rUMHYmrr,Maneskin,The Birthday,0.187828
424,0lAWpj5szCSwM4rUMHYmrr,Maneskin,andymori,0.181356
425,0lAWpj5szCSwM4rUMHYmrr,Maneskin,コールドプレイ,0.180971
426,0lAWpj5szCSwM4rUMHYmrr,Maneskin,リル・ヨッティー,0.179865
427,0lAWpj5szCSwM4rUMHYmrr,Maneskin,King Gnu,0.179069
428,0lAWpj5szCSwM4rUMHYmrr,Maneskin,ウルフルズ,0.178016
429,0lAWpj5szCSwM4rUMHYmrr,Maneskin,スピッツ,0.177940
430,0lAWpj5szCSwM4rUMHYmrr,Maneskin,くるり,0.168043
431,0lAWpj5szCSwM4rUMHYmrr,Maneskin,テイラー・スウィフト,0.161517
432,0lAWpj5szCSwM4rUMHYmrr,Maneskin,UNISON SQUARE GARDEN,0.155817
433,0lAWpj5szCSwM4rUMHYmrr,Maneskin,Vaundy,0.155778
434,0lAWpj5szCSwM4rUMHYmrr,Maneskin,10-FEET,0.147795
435,0lAWpj5szCSwM4rUMHYmrr,Maneskin,エレファントカシマシ,0.146622
436,0lAWpj5szCSwM4rUMHYmrr,Maneskin,ケミカル・ブラザーズ,0.145475
437,0lAWpj5szCSwM4rUMHYmrr,Maneskin,新しい学校のリーダーズ,0.144850
438,0lAWpj5szCSwM4rUMHYmrr,Maneskin,キタニタツヤ,0.143356
439,0lAWpj5szCSwM4rUMHYmrr,Maneskin,BE:FIRST,0.137856
440,0lAWpj5szCSwM4rUMHYmrr,Maneskin,Hi-Standard,0.133321
441,0lAWpj5szCSwM4rUMHYmrr,Maneskin,チュウ,0.133091
442,0lAWpj5szCSwM4rUMHYmrr,Maneskin,Måneskin,0.129869
443,0lAWpj5szCSwM4rUMHYmrr,Maneskin,ELLEGARDEN,0.127048
444,0lAWpj5szCSwM4rUMHYmrr,Maneskin,柴田聡子,0.123357
445,0lAWpj5szCSwM4rUMHYmrr,Maneskin,Jo1,0.122646
446,0lAWpj5szCSwM4rUMHYmrr,Maneskin,ZAZEN BOYS,0.121448
447,0lAWpj5szCSwM4rUMHYmrr,Maneskin,ザ・ローリング・ストーンズ,0.119406
448,0lAWpj5szCSwM4rUMHYmrr,Maneskin,マック・デマルコ,0.117942
449,0lAWpj5szCSwM4rUMHYmrr,Maneskin,Official髭男dism,0.113163
450,0lAWpj5szCSwM4rUMHYmrr,Maneskin,Mrs. GREEN APPLE,0.111478
451,0lAWpj5szCSwM4rUMHYmrr,Maneskin,星野源,0.110875
452,0lAWpj5szCSwM4rUMHYmrr,Maneskin,"Metro Boomin, エイサップ・ロッキー & Roisee",0.108388
453,0lAWpj5szCSwM4rUMHYmrr,Maneskin,ザ・ラスト・ディナー・パーティー,0.106524
454,0lAWpj5szCSwM4rUMHYmrr,Maneskin,斉藤和義,0.106431
455,0lAWpj5szCSwM4rUMHYmrr,Maneskin,ケンドリック・ラマー,0.106395
456,0lAWpj5szCSwM4rUMHYmrr,Maneskin,コナン・グレイ,0.103895
457,0lAWpj5szCSwM4rUMHYmrr,Maneskin,女王蜂,0.102286
458,0lAWpj5szCSwM4rUMHYmrr,Maneskin,Mr.Children,0.102156
459,0lAWpj5szCSwM4rUMHYmrr,Maneskin,ビーバドゥービー,0.101913
460,0lAWpj5szCSwM4rUMHYmrr,Maneskin,PEOPLE 1,0.101768
461,0lAWpj5szCSwM4rUMHYmrr,Maneskin,ちゃんみな,0.099627
462,0lAWpj5szCSwM4rUMHYmrr,Maneskin,WurtS,0.099459
463,0lAWpj5szCSwM4rUMHYmrr,Maneskin,Mohsen Namjoo,0.098838
464,0lAWpj5szCSwM4rUMHYmrr,Maneskin,ポルノグラフィティ,0.098405
465,0lAWpj5szCSwM4rUMHYmrr,Maneskin,Bianca Atzei,0.098167
466,0lAWpj5szCSwM4rUMHYmrr,Maneskin,Awich,0.098102
467,0lAWpj5szCSwM4rUMHYmrr,Maneskin,ユン・ミレ & BIBI,0.097772
468,0lAWpj5szCSwM4rUMHYmrr,Maneskin,Chilli Beans.,0.097742
469,0lAWpj5szCSwM4rUMHYmrr,Maneskin,アリアナ・グランデ,0.097516
470,0lAWpj5szCSwM4rUMHYmrr,Maneskin,tempalay,0.097247
471,0lAWpj5szCSwM4rUMHYmrr,Maneskin,サザンオールスターズ,0.094755
472,0lAWpj5szCSwM4rUMHYmrr,Maneskin,back number,0.094200
473,0lAWpj5szCSwM4rUMHYmrr,Maneskin,GLIM SPANKY,0.093306
474,0lAWpj5szCSwM4rUMHYmrr,Maneskin,米津玄師,0.090710
475,0lAWpj5szCSwM4rUMHYmrr,Maneskin,きのこ帝国,0.090558
476,0lAWpj5szCSwM4rUMHYmrr,Maneskin,B'z,0.090543
477,0lAWpj5szCSwM4rUMHYmrr,Maneskin,緑黄色社会,0.090372
478,0lAWpj5szCSwM4rUMHYmrr,Maneskin,ボン・ジョヴィ,0.090288
479,0lAWpj5szCSwM4rUMHYmrr,Maneskin,Gianni Fiorellino,0.090078
480,0lAWpj5szCSwM4rUMHYmrr,Maneskin,tomoo,0.087624
481,0lAWpj5szCSwM4rUMHYmrr,Maneskin,The Yellow Monkey,0.087508
482,0lAWpj5szCSwM4rUMHYmrr,Maneskin,離婚伝説,0.086463
483,0lAWpj5szCSwM4rUMHYmrr,Maneskin,Galileo Galilei,0.084853
484,0lAWpj5szCSwM4rUMHYmrr,Maneskin,ハンス・ジマー & ジェームズ・ニュートン・ハワード,0.084786
485,0lAWpj5szCSwM4rUMHYmrr,Maneskin,Maninni,0.084370
486,0lAWpj5szCSwM4rUMHYmrr,Maneskin,ジミー・イート・ワールド,0.084093
487,0lAWpj5szCSwM4rUMHYmrr,Maneskin,クォン・ウンビ,0.084039
488,0lAWpj5szCSwM4rUMHYmrr,Maneskin,Syrup16g,0.083058
489,0lAWpj5szCSwM4rUMHYmrr,Maneskin,ミーガン・ジー・スタリオン,0.082978
490,0lAWpj5szCSwM4rUMHYmrr,Maneskin,chilldspot,0.082175
491,0lAWpj5szCSwM4rUMHYmrr,Maneskin,One Boy Band,0.081652
492,0lAWpj5szCSwM4rUMHYmrr,Maneskin,Enzo Prato,0.081652
493,0lAWpj5szCSwM4rUMHYmrr,Maneskin,Piergiorgio Faraglia,0.081652
494,0lAWpj5szCSwM4rUMHYmrr,Maneskin,Davide Trebbi,0.081652
495,0lAWpj5szCSwM4rUMHYmrr,Maneskin,Inioranti,0.081652
496,0lAWpj5szCSwM4rUMHYmrr,Maneskin,Luca Bacconi,0.081652
497,0lAWpj5szCSwM4rUMHYmrr,Maneskin,Marco Notari,0.081652
498,0lAWpj5szCSwM4rUMHYmrr,Maneskin,La ragazza dello Sputnik,0.081652
499,0lAWpj5szCSwM4rUMHYmrr,Maneskin,Ze Hop,0.081652
